customer_id,account_age_months,monthly_spend,contract_type,region,customer_segment,product_usage_score,support_ticket_count,avg_response_time_hours,avg_resolution_time_hours,satisfaction_score,failed_interactions,previous_escalations,renewal_due_days,renewal_status,severity_low_count,severity_medium_count,severity_high_count,severity_critical_count
NEW-000001,34,1535.61,annual,Europe,SMB,39.47,4,7.01,27.3,3.92,4,0,81,upcoming,2,0,1,1
NEW-000002,30,755.04,multi_year,Europe,SMB,77.62,4,4.0,18.03,4.4,1,0,75,upcoming,2,1,1,0
NEW-000003,36,8055.98,annual,North America,Enterprise,49.27104272330121,12,13.78,39.43,3.5285887704819214,5,0,351,not_due,3,5,1,0
NEW-000004,76,4654.93,annual,North America,Mid-Market,52.70527038975959,12,14.16,51.59,3.2315537358031223,4,0,4,due_soon,5,2,0,1
NEW-000005,105,4132.68,multi_year,,Mid-Market,49.5,11,4.2,24.89,4.32,1,1,105,upcoming,2,7,2,0
NEW-000006,34,35665.94,annual,Europe,Strategic,85.59,8,7.85,36.25,3.86,3,0,329,not_due,1,5,1,1
NEW-000007,73,920.49,annual,North America,SMB,68.02,1,5.15,18.06,4.92,0,0,286,not_due,1,0,0,0
NEW-000008,69,5011.83,multi_year,Europe,Mid-Market,65.99,4,4.7,17.83,4.35,1,1,-25,overdue,1,1,2,0
NEW-000009,69,10999.48,annual,North America,Enterprise,66.24,8,8.72,41.22,4.2,4,0,172,not_due,3,3,2,0
NEW-000010,17,3393.3,,Latin America,Mid-Market,82.91,4,15.42,49.92,5.0,1,2,63,upcoming,4,0,0,0
NEW-000011,96,22028.52,multi_year,North America,Strategic,100.0,5,6.64,37.24,4.88,3,0,204,not_due,1,1,2,1
NEW-000012,38,2399.19,annual,Europe,Mid-Market,55.39,7,5.48,28.08,4.65,0,0,307,not_due,3,2,1,1
NEW-000013,41,763.53,monthly,North America,SMB,52.137216801422824,8,6.65,14.66,3.859559910514287,2,0,309,not_due,3,3,0,0
NEW-000014,79,619.9,monthly,Europe,SMB,43.32,8,10.11,50.41,3.53,3,0,83,upcoming,3,2,3,0
NEW-000015,24,3410.85,multi_year,APAC,Mid-Market,100.0,0,9.48,34.28,4.83,0,0,149,not_due,0,0,0,0
NEW-000016,76,4962.27,annual,North America,Mid-Market,1.0,15,16.26,70.49,2.7772599905577775,6,1,191,not_due,5,4,3,0
NEW-000017,27,6501.95,multi_year,North America,Mid-Market,57.121193731520265,9,10.39,43.69,3.243132036853984,5,0,194,not_due,5,2,1,0
NEW-000018,120,2650.05,monthly,Latin America,Mid-Market,41.80003072046301,6,5.51,22.23,3.159682460921917,3,1,-30,overdue,2,1,2,0
NEW-000019,63,5780.23,annual,Europe,Mid-Market,52.98,5,4.45,19.72,4.3,1,1,50,upcoming,2,2,1,0
NEW-000020,46,829.48,multi_year,North America,SMB,84.51,2,6.92,31.69,5.0,1,0,175,not_due,0,1,1,0
NEW-000021,54,1404.53,monthly,Europe,Mid-Market,70.28,5,12.51,57.89,4.1,2,0,67,upcoming,3,0,0,2
NEW-000022,42,1128.25,multi_year,Europe,SMB,66.37,5,12.68,33.29,4.63,3,1,337,not_due,2,3,0,0
NEW-000023,81,31332.4,annual,North America,Strategic,35.78112226400496,14,8.82,53.75,3.461472690022683,5,0,58,upcoming,6,2,3,1
NEW-000024,60,2302.3,annual,APAC,Mid-Market,47.62773813286332,9,6.93,28.94,3.344828360643188,4,0,-1,overdue,4,3,0,1
NEW-000025,49,3966.22,monthly,Europe,Mid-Market,72.96,9,13.82,68.07,3.83,6,1,184,not_due,3,2,3,1
NEW-000026,28,2516.67,monthly,Europe,Mid-Market,63.05,10,10.43,44.28,3.2,3,2,116,upcoming,3,3,3,1
NEW-000027,30,2031.88,annual,APAC,Mid-Market,54.88038615196844,8,2.95,13.51,4.611706858239965,0,0,358,not_due,2,1,1,0
NEW-000028,47,872.68,monthly,Europe,SMB,77.16,4,24.45,53.17,3.6,3,0,50,upcoming,0,3,1,0
NEW-000029,25,944.11,annual,North America,SMB,33.46,9,7.56,24.38,4.73,1,0,235,not_due,2,6,1,0
NEW-000030,26,11589.36,annual,North America,Enterprise,57.86,10,8.46,18.39,4.26,1,0,255,not_due,6,4,0,0
NEW-000031,45,17831.51,annual,North America,Enterprise,94.56396095718776,6,3.4,9.39,3.826005619041309,3,0,84,upcoming,0,4,0,0
NEW-000032,14,948.86,monthly,North America,SMB,70.06,4,9.75,30.49,4.68,1,0,350,not_due,3,1,0,0
NEW-000033,42,908.3,monthly,Europe,SMB,55.3,5,12.12,38.9,4.31,3,1,250,not_due,2,1,1,1
NEW-000034,72,8191.03,annual,APAC,Enterprise,55.61,11,16.05,55.98,3.32,5,2,285,not_due,4,5,1,1
NEW-000035,56,6103.66,monthly,Europe,Enterprise,54.86,4,3.92,19.23,5.0,0,1,283,not_due,3,0,1,0
NEW-000036,117,3234.3,annual,Europe,Mid-Market,64.1211805867831,11,12.95,36.33,3.708353135114817,3,1,306,not_due,3,3,1,0
NEW-000037,51,20186.59,monthly,North America,Strategic,78.63266949352227,11,7.0,35.79,4.320952756267571,3,0,149,not_due,5,2,2,0
NEW-000038,45,2391.53,monthly,North America,Mid-Market,90.94,4,14.5,51.34,4.53,2,1,353,not_due,2,1,0,1
NEW-000039,84,2070.64,monthly,North America,Mid-Market,25.17754960283878,10,7.4,45.42,3.6056731562969153,4,0,214,not_due,2,3,3,1
NEW-000040,61,1106.89,multi_year,Europe,SMB,82.66,4,5.08,15.79,5.0,1,0,175,not_due,2,2,0,0
NEW-000041,97,861.1,annual,Europe,SMB,49.72,4,6.57,26.77,4.6,2,1,204,not_due,2,1,1,0
NEW-000042,57,4894.11,annual,North America,Mid-Market,48.444863143974246,10,6.12,34.71,3.748323118586727,2,2,285,not_due,4,1,4,0
NEW-000043,20,10385.53,multi_year,APAC,Enterprise,67.3680270126553,5,3.72,19.39,4.210019784448636,0,0,-10,overdue,3,0,1,0
NEW-000044,30,470.65,,Middle East & Africa,SMB,43.0011710789007,10,9.22,40.83,4.2866181880475525,2,1,115,upcoming,2,3,2,0
NEW-000045,10,5641.41,monthly,APAC,Enterprise,56.96,6,9.83,41.59,4.16,0,0,84,upcoming,2,2,2,0
NEW-000046,82,891.51,annual,Europe,SMB,41.07,7,13.32,,4.3,1,2,-23,overdue,4,3,0,0
NEW-000047,54,647.88,annual,Europe,SMB,91.98810279372697,1,10.44,42.72,4.6843064358445385,1,0,302,not_due,0,0,0,0
NEW-000048,94,3130.67,monthly,APAC,Mid-Market,35.38,9,12.77,54.04,3.5,5,3,270,not_due,3,4,2,0
NEW-000049,16,7112.34,monthly,Latin America,Enterprise,62.99,8,14.14,55.88,4.67,0,0,-25,overdue,5,3,0,0
NEW-000050,38,17857.74,annual,North America,Enterprise,52.16,11,5.25,24.23,4.11,2,1,23,due_soon,4,5,1,1
NEW-000051,37,944.47,monthly,North America,SMB,63.83186900070744,4,3.95,9.04,4.629814826740688,3,0,313,not_due,1,1,0,0
NEW-000052,93,906.34,annual,Europe,SMB,46.63,6,10.23,40.58,5.0,1,0,-20,overdue,2,2,2,0
NEW-000053,35,610.53,annual,APAC,SMB,77.05,3,7.3,27.25,4.38,0,0,13,due_soon,1,1,1,0
NEW-000054,64,904.67,monthly,North America,SMB,54.32,3,4.13,27.59,4.74,1,1,194,not_due,0,1,1,1
NEW-000055,14,6002.12,annual,Europe,Mid-Market,61.83,2,10.21,32.18,3.64,7,0,-25,overdue,2,0,0,0
NEW-000056,75,2911.48,monthly,Latin America,Mid-Market,58.41725381821341,6,9.47,25.5,4.099292487190257,2,1,87,upcoming,1,0,1,0
NEW-000057,29,1356.83,monthly,Latin America,Mid-Market,36.0,11,9.35,25.38,4.62,2,3,279,not_due,7,4,0,0
NEW-000058,46,1710.19,monthly,APAC,Mid-Market,49.97,8,20.51,72.56,,2,0,319,not_due,2,4,1,1
NEW-000059,87,4125.2,monthly,North America,Mid-Market,51.68183910335892,10,3.28,15.31,4.012203545959906,1,3,120,upcoming,5,3,1,0
NEW-000060,54,2227.28,monthly,APAC,Mid-Market,79.94,2,4.1,17.86,4.92,1,0,34,due_soon,1,0,1,0
NEW-000061,65,588.44,annual,Middle East & Africa,SMB,92.75,2,4.09,,5.0,1,0,360,not_due,0,2,0,0
NEW-000062,58,1375.28,multi_year,North America,SMB,97.95,2,5.82,13.46,5.0,0,0,323,not_due,2,0,0,0
NEW-000063,74,753.81,monthly,Europe,SMB,51.39,5,10.48,61.03,3.61,3,0,134,not_due,1,0,2,2
NEW-000064,62,2990.35,monthly,North America,Mid-Market,49.96,7,14.3,40.48,3.97,3,0,142,not_due,3,3,1,0
NEW-000065,38,3146.0,annual,North America,Mid-Market,91.98727615093586,3,4.94,12.96,4.779250892159264,1,0,52,upcoming,0,1,0,0
NEW-000066,5,9625.14,monthly,North America,Enterprise,48.42300157456151,8,13.37,67.46,3.595184805011464,5,1,363,not_due,3,0,2,1
NEW-000067,15,594.59,monthly,Europe,SMB,39.68894230275241,12,18.11,77.19,3.00958261506982,4,0,104,upcoming,3,4,2,0
NEW-000068,81,985.6,annual,Europe,SMB,79.12,3,6.17,24.74,4.41,2,0,-24,overdue,2,1,0,0
NEW-000069,14,25994.63,monthly,APAC,Strategic,72.18,12,8.81,51.13,4.02,1,1,321,not_due,6,1,5,0
NEW-000070,21,9521.96,multi_year,North America,Mid-Market,96.64,2,16.19,40.02,4.53,0,0,276,not_due,1,1,0,0
NEW-000071,59,,monthly,North America,Enterprise,65.71,8,27.97,107.43,4.6,2,2,268,not_due,4,2,1,1
NEW-000072,50,922.08,annual,APAC,SMB,80.54,3,2.83,11.85,4.85,0,0,304,not_due,1,2,0,0
NEW-000073,21,2475.54,monthly,Latin America,Mid-Market,28.66822857293124,12,11.97,65.34,3.6321771828697913,7,0,118,upcoming,3,2,5,0
NEW-000074,30,5578.51,monthly,Middle East & Africa,Enterprise,47.96,8,11.8,49.45,4.25,2,0,198,not_due,3,5,0,0
NEW-000075,61,3217.49,annual,APAC,Mid-Market,46.51736719575012,6,15.66,48.42,3.1630732252933824,8,0,294,not_due,1,0,2,1
NEW-000076,56,3929.77,annual,APAC,Mid-Market,81.1464606710597,6,6.38,19.01,4.447968175787622,2,0,272,not_due,0,3,0,0
NEW-000077,44,571.85,annual,Europe,SMB,38.48434524487885,17,8.35,29.7,3.099670723105059,3,1,364,not_due,6,5,1,1
NEW-000078,19,7128.4,annual,North America,Enterprise,57.3,11,17.94,83.97,3.27,6,0,32,due_soon,4,2,5,0
NEW-000079,38,11002.22,monthly,Latin America,Enterprise,44.58,9,12.51,45.34,4.25,1,2,170,not_due,5,3,0,1
NEW-000080,9,511.9,annual,North America,SMB,66.40937919727796,9,17.6,48.27,4.067300537193551,3,0,307,not_due,2,2,1,0
NEW-000081,32,2040.4,monthly,Europe,Mid-Market,57.12,6,3.92,18.32,4.59,2,0,90,upcoming,3,1,2,0
NEW-000082,24,572.13,monthly,North America,SMB,41.74,4,11.16,49.52,4.01,2,0,188,not_due,2,0,2,0
NEW-000083,11,1545.11,annual,APAC,SMB,44.42,7,14.44,45.64,4.49,1,1,158,not_due,4,2,1,0
NEW-000084,21,617.45,annual,Europe,SMB,34.57571433450681,10,7.52,25.9,3.4514528559864877,2,0,41,due_soon,4,2,1,0
NEW-000085,31,3559.68,multi_year,Latin America,Mid-Market,66.98,5,11.04,35.72,4.72,1,1,129,not_due,4,1,0,0
NEW-000086,78,906.08,annual,North America,SMB,51.64,10,22.99,96.25,3.08,2,2,253,not_due,5,2,2,1
NEW-000087,61,563.02,monthly,North America,SMB,62.10822308422152,4,7.46,27.44,4.331834498339379,1,0,169,not_due,2,1,0,0
NEW-000088,57,2026.91,multi_year,Middle East & Africa,Mid-Market,35.66,7,12.78,53.71,3.38,3,0,16,due_soon,4,0,1,2
NEW-000089,47,4754.45,annual,North America,Mid-Market,43.7,6,12.53,60.02,4.52,2,1,191,not_due,2,2,1,1
NEW-000090,66,6216.43,monthly,Europe,Enterprise,51.88,14,19.16,64.74,3.12,2,0,200,not_due,7,2,4,1
NEW-000091,72,1276.05,annual,North America,SMB,73.64,7,2.73,10.29,4.59,1,1,157,,5,1,1,0
NEW-000092,12,2968.78,annual,North America,Mid-Market,42.403895432628104,10,11.41,54.9,3.6965284284198128,1,0,86,upcoming,2,1,2,1
NEW-000093,52,5941.87,multi_year,Europe,Mid-Market,62.17307029397327,5,16.41,66.44,4.776783714656016,3,0,356,not_due,2,1,0,0
NEW-000094,70,3040.36,monthly,Europe,Mid-Market,27.66399972336809,12,3.94,27.14,3.7770137061746967,1,2,144,not_due,3,2,2,1
NEW-000095,41,1243.39,multi_year,North America,SMB,62.43,2,8.24,24.68,5.0,1,0,113,upcoming,1,1,0,0
NEW-000096,67,2319.42,annual,North America,Mid-Market,93.92,1,5.83,11.89,5.0,0,0,310,not_due,1,0,0,0
NEW-000097,59,2119.14,monthly,,Mid-Market,85.21,3,1.17,3.88,4.33,0,0,15,due_soon,2,1,0,0
NEW-000098,41,3170.48,annual,Europe,Mid-Market,51.11,2,10.79,29.88,3.4,1,1,169,not_due,1,0,1,0
NEW-000099,17,13362.1,monthly,North America,Strategic,35.13,11,7.14,21.88,3.59,1,0,179,not_due,8,3,0,0
NEW-000100,17,2628.77,monthly,APAC,Mid-Market,65.49,6,9.96,35.59,4.35,2,0,292,not_due,3,1,1,1
NEW-000101,69,638.27,monthly,Europe,SMB,69.72,4,7.44,22.28,4.81,1,0,177,not_due,2,1,1,0
NEW-000102,20,28198.56,annual,Latin America,Strategic,56.0,11,6.92,38.73,3.74,2,0,111,upcoming,3,4,3,1
NEW-000103,68,1447.42,monthly,North America,Mid-Market,62.71,4,6.35,25.78,4.62,3,0,52,upcoming,2,2,0,0
NEW-000104,62,904.68,multi_year,North America,SMB,84.01,3,15.04,53.34,4.69,1,0,117,upcoming,1,1,1,0
NEW-000105,55,6544.81,monthly,APAC,Enterprise,51.16,10,15.42,69.18,3.1,5,2,332,not_due,7,1,2,0
NEW-000106,106,3550.86,monthly,Europe,Mid-Market,52.82,7,15.5,59.5,4.34,0,1,111,upcoming,4,2,1,0
NEW-000107,106,12948.23,monthly,North America,Enterprise,30.317803485530586,14,15.46,63.45,3.457693137983428,4,1,132,not_due,5,5,2,0
NEW-000108,92,1701.43,annual,North America,Mid-Market,57.99,4,4.4,28.13,4.41,3,0,230,not_due,1,1,1,1
NEW-000109,18,3767.52,multi_year,Europe,Mid-Market,62.64480736386114,3,10.52,30.1,4.773643320174814,2,0,-20,overdue,2,0,0,0
NEW-000110,62,9840.83,annual,APAC,Enterprise,84.49,8,12.92,54.63,3.92,2,0,-29,overdue,2,3,3,0
NEW-000111,61,7364.58,monthly,APAC,Enterprise,54.003781126322124,12,20.22,101.4,2.5583902278787862,7,0,58,upcoming,2,5,2,1
NEW-000112,36,15214.13,monthly,Europe,Strategic,47.39,11,23.82,78.54,2.98,3,0,7,due_soon,6,4,1,0
NEW-000113,65,11892.05,monthly,Europe,Strategic,37.967194279742316,11,5.44,47.46,3.142772742182585,4,1,24,due_soon,3,4,0,3
NEW-000114,33,3669.97,multi_year,Middle East & Africa,Mid-Market,44.76,12,13.61,57.77,3.48,4,0,77,upcoming,5,5,2,0
NEW-000115,89,1015.3,annual,Latin America,SMB,63.22,3,5.76,18.9,4.41,3,0,312,not_due,2,0,1,0
NEW-000116,92,589.89,annual,Latin America,SMB,33.55300788681035,6,6.35,23.48,3.9851335389040607,3,1,142,not_due,2,3,0,0
NEW-000117,52,9526.37,monthly,Europe,Enterprise,63.66,10,6.24,24.15,,4,0,293,not_due,7,2,1,0
NEW-000118,28,9597.88,,Europe,Enterprise,,9,15.98,62.59,2.94,2,1,253,not_due,1,5,2,1
NEW-000119,60,3414.59,annual,Middle East & Africa,Mid-Market,56.47,5,5.4,14.35,4.34,2,0,149,not_due,2,3,0,0
NEW-000120,25,2999.04,monthly,Latin America,Mid-Market,73.07729106711199,6,5.25,22.36,3.8176973985271174,3,0,225,not_due,3,0,2,0
NEW-000121,18,12657.53,monthly,North America,Enterprise,70.64,7,10.41,42.48,4.17,3,0,330,not_due,3,2,1,1
NEW-000122,32,634.32,monthly,Europe,SMB,80.24486000906369,8,9.99,26.19,4.314027262206109,3,0,167,not_due,3,1,0,0
NEW-000123,43,519.06,monthly,Latin America,Mid-Market,47.48,10,10.47,35.75,3.88,1,3,66,upcoming,5,4,1,0
NEW-000124,30,696.45,monthly,Europe,SMB,33.56703089763643,7,7.93,36.36,3.964782183572469,2,1,20,due_soon,3,1,1,0
NEW-000125,39,3858.12,monthly,Europe,Mid-Market,67.19,3,15.04,58.2,5.0,1,0,94,upcoming,2,0,1,0
NEW-000126,61,4448.22,annual,North America,Mid-Market,75.20027446210237,5,5.3,13.5,4.234107986061391,2,2,363,not_due,1,0,0,0
NEW-000127,49,1973.42,monthly,Europe,Mid-Market,43.339109571367004,5,5.31,22.21,4.7025883561489685,1,0,79,upcoming,1,2,0,0
NEW-000128,48,5282.94,monthly,North America,Enterprise,37.9,11,8.81,31.4,3.59,4,1,327,not_due,7,3,0,1
NEW-000129,37,4451.22,annual,APAC,Mid-Market,89.97288287420636,3,,17.06,4.3085395473166255,2,0,138,not_due,1,0,0,0
NEW-000130,44,13224.27,annual,Europe,Enterprise,91.18394025857694,12,5.65,30.77,4.655814341415638,1,0,285,not_due,4,1,3,0
NEW-000131,108,3042.63,multi_year,Europe,Mid-Market,65.65,6,12.23,43.5,4.01,1,2,76,upcoming,3,1,1,1
NEW-000132,26,12750.33,annual,North America,Enterprise,69.56,5,14.1,73.46,3.74,2,1,41,due_soon,2,0,1,2
NEW-000133,44,4101.37,annual,Latin America,Enterprise,94.54006637289457,7,7.44,19.07,4.609248370942874,2,1,274,not_due,4,0,1,0
NEW-000134,35,10843.14,monthly,North America,Enterprise,57.01,8,8.14,34.02,4.13,2,0,304,not_due,3,3,1,1
NEW-000135,8,13663.08,annual,Latin America,Enterprise,32.44218673771716,10,3.96,27.31,4.221934867704851,3,1,83,upcoming,4,0,0,2
NEW-000136,24,2658.57,annual,North America,SMB,60.95,4,4.03,25.77,4.24,0,0,260,not_due,1,1,1,1
NEW-000137,13,15044.85,multi_year,APAC,Enterprise,53.29,10,7.14,30.64,3.98,2,1,-30,overdue,5,3,1,1
NEW-000138,54,671.55,monthly,North America,SMB,57.48,3,5.75,21.74,5.0,1,0,221,not_due,2,0,1,0
NEW-000139,85,7949.54,monthly,APAC,Enterprise,76.18,13,24.24,102.73,4.02,0,1,-27,overdue,7,4,2,0
NEW-000140,41,1306.97,multi_year,APAC,SMB,76.6633816882288,5,6.7,30.32,4.312408750159981,2,0,226,not_due,0,0,2,0
NEW-000141,49,22675.52,annual,Europe,Strategic,57.54,9,4.42,27.26,3.77,3,1,166,not_due,3,3,3,0
NEW-000142,15,4886.29,multi_year,APAC,Mid-Market,70.77,5,7.23,26.31,4.9,2,2,60,upcoming,4,1,0,0
NEW-000143,66,601.04,monthly,APAC,SMB,80.17741180480006,9,10.26,41.59,4.454962274139327,1,0,219,not_due,4,2,1,0
NEW-000144,50,3033.69,annual,Europe,Mid-Market,72.76696155199375,2,7.49,35.62,3.7290102078525384,4,0,239,not_due,0,0,0,1
NEW-000145,102,1189.45,monthly,APAC,Mid-Market,73.16,5,5.25,28.98,4.44,2,0,29,due_soon,0,3,1,1
NEW-000146,84,29484.85,annual,Europe,Strategic,63.08,12,6.95,49.07,3.72,1,2,298,not_due,8,1,1,2
NEW-000147,27,1079.92,multi_year,APAC,SMB,77.21832123286752,4,6.83,15.6,4.575230404559518,2,0,165,not_due,1,1,0,0
NEW-000148,66,1094.07,annual,North America,SMB,54.15,3,1.82,6.72,5.0,0,0,235,not_due,2,1,0,0
NEW-000149,51,5166.79,annual,Latin America,Enterprise,46.84,14,8.59,57.83,3.41,3,0,248,not_due,5,4,3,2
NEW-000150,59,691.61,multi_year,North America,SMB,73.97,3,6.87,34.5,5.0,2,0,315,not_due,0,1,2,0
NEW-000151,62,2605.35,monthly,Middle East & Africa,Mid-Market,33.75,7,19.26,90.23,3.81,2,1,223,not_due,3,1,3,0
NEW-000152,83,934.32,annual,North America,SMB,47.32001967554675,10,7.58,43.26,3.6269514059189336,3,1,178,not_due,3,2,0,2
NEW-000153,30,636.9,annual,North America,SMB,72.33,4,12.57,68.57,3.82,3,0,245,not_due,1,0,2,1
NEW-000154,55,548.43,monthly,North America,SMB,49.67452671589431,9,9.79,45.29,2.7116257026149477,6,1,89,upcoming,3,1,1,1
NEW-000155,44,12388.52,monthly,Europe,Enterprise,,4,9.06,28.95,4.67,2,0,159,not_due,2,2,0,0
NEW-000156,87,904.57,monthly,North America,SMB,68.79,3,12.54,35.09,4.83,1,0,213,not_due,1,2,0,0
NEW-000157,11,586.01,monthly,North America,SMB,87.99,3,2.5,12.93,4.65,1,1,179,not_due,1,1,1,0
NEW-000158,35,1042.85,multi_year,Europe,SMB,90.12,0,5.88,17.12,5.0,0,0,353,not_due,0,0,0,0
NEW-000159,46,6727.27,monthly,Middle East & Africa,Enterprise,84.93,5,6.31,35.06,5.0,1,3,108,upcoming,3,0,1,1
NEW-000160,42,11348.32,annual,Europe,Enterprise,83.32237201754909,12,20.93,74.45,4.2814742319426635,2,2,346,not_due,5,2,1,0
NEW-000161,39,3689.74,annual,North America,Mid-Market,65.15221716952998,8,9.26,21.7,4.251646808989209,4,0,157,not_due,3,2,0,0
NEW-000162,53,2294.24,monthly,Europe,Mid-Market,69.8,1,6.62,18.74,4.67,1,1,47,upcoming,1,0,0,0
NEW-000163,54,1523.58,monthly,North America,SMB,52.923654882715766,9,6.07,23.86,4.089983000508268,2,0,238,not_due,1,3,1,0
NEW-000164,56,4084.21,annual,North America,Mid-Market,79.21,1,12.64,46.42,4.59,2,0,2,due_soon,1,0,0,0
NEW-000165,32,1850.21,annual,Europe,SMB,66.66,2,4.55,14.67,4.75,0,0,243,not_due,2,0,0,0
NEW-000166,65,517.87,monthly,Europe,SMB,36.43,6,7.11,23.58,3.88,2,0,343,not_due,3,3,0,0
NEW-000167,61,2121.85,monthly,Europe,Mid-Market,44.78,6,19.14,85.24,,4,3,103,upcoming,3,0,3,0
NEW-000168,18,2234.86,annual,Europe,Mid-Market,69.67,2,12.91,44.42,4.44,1,1,147,not_due,0,1,0,1
NEW-000169,42,11835.83,annual,APAC,Strategic,60.07,6,10.94,52.55,4.57,3,2,-12,overdue,2,2,2,0
NEW-000170,46,994.29,monthly,North America,Mid-Market,68.68,3,13.69,44.05,4.42,1,1,219,not_due,2,0,1,0
NEW-000171,93,4317.36,annual,Europe,Mid-Market,99.0,2,2.99,6.39,5.0,1,0,10,due_soon,1,1,0,0
NEW-000172,27,8238.3,monthly,Latin America,Enterprise,73.79327035087736,8,13.76,56.08,3.976274050930105,5,1,194,not_due,2,4,1,0
NEW-000173,32,839.69,annual,North America,SMB,63.2947473194075,3,8.76,19.84,4.391311816758624,2,1,88,upcoming,1,0,0,0
NEW-000174,82,938.68,monthly,Europe,SMB,73.05243544729568,10,6.31,23.91,4.286583757097793,2,0,159,not_due,2,4,2,0
NEW-000175,44,1282.71,monthly,Latin America,Mid-Market,41.91067906401712,6,19.21,41.46,2.8820833031675424,6,1,159,not_due,2,3,0,0
NEW-000176,35,2220.95,monthly,Europe,Mid-Market,53.07,4,8.09,16.92,4.74,2,0,161,not_due,1,3,0,0
NEW-000177,37,6564.14,monthly,North America,Enterprise,71.36,7,8.89,34.59,4.83,2,1,215,not_due,3,2,2,0
NEW-000178,77,23673.93,multi_year,North America,Strategic,88.19,6,6.4,25.72,4.96,0,0,345,not_due,2,3,1,0
NEW-000179,34,7537.61,annual,Europe,Enterprise,39.212229381780794,13,4.85,37.86,3.9240951464594613,1,1,312,not_due,4,2,3,1
NEW-000180,77,8327.13,multi_year,Europe,Enterprise,62.26,11,5.54,15.73,3.98,2,1,88,upcoming,6,4,1,0
NEW-000181,113,574.64,annual,Latin America,SMB,36.451506457452794,6,10.03,22.8,4.08810109696219,3,0,108,upcoming,1,4,0,0
NEW-000182,66,1922.94,annual,North America,Mid-Market,,4,9.61,25.11,4.67,0,2,347,not_due,0,4,0,0
NEW-000183,47,9410.34,annual,APAC,Enterprise,87.09,4,,,4.47,3,0,4,due_soon,0,3,1,0
NEW-000184,77,11541.95,monthly,Europe,Strategic,94.74,10,13.64,54.94,4.21,2,4,156,not_due,5,1,2,2
NEW-000185,27,4524.49,monthly,North America,Mid-Market,68.51041720913511,5,9.44,28.88,4.417431477521765,1,0,232,not_due,2,0,0,1
NEW-000186,21,1309.52,annual,North America,SMB,90.38,2,5.44,23.94,4.36,2,1,67,upcoming,0,0,2,0
NEW-000187,73,775.62,annual,North America,SMB,60.86,4,8.46,24.47,4.7,2,0,-30,overdue,1,3,0,0
NEW-000188,25,2216.81,monthly,Europe,Mid-Market,31.22,8,3.58,17.44,4.6,0,0,-1,overdue,6,0,2,0
NEW-000189,49,1370.32,annual,Europe,Mid-Market,93.9,3,5.51,16.38,4.43,1,0,105,upcoming,1,2,0,0
NEW-000190,61,840.06,multi_year,Europe,SMB,67.15463565542242,4,1.86,8.0,4.133378340351717,1,0,142,not_due,1,0,1,0
NEW-000191,87,4028.78,annual,North America,Mid-Market,52.96,6,20.41,88.72,3.69,3,2,158,not_due,1,3,2,0
NEW-000192,74,4784.0,monthly,North America,Mid-Market,75.5104395653621,12,16.88,86.12,3.6457913633727004,2,0,322,not_due,5,2,0,2
NEW-000193,70,19637.08,annual,North America,Enterprise,52.61,10,5.85,29.44,3.93,2,0,260,not_due,3,5,2,0
NEW-000194,70,15219.37,multi_year,Europe,Enterprise,94.34052208012484,14,5.63,32.75,4.28791111396436,4,0,77,upcoming,7,1,0,2
NEW-000195,71,7341.42,monthly,Latin America,Enterprise,91.48,5,22.0,75.79,4.66,1,0,140,not_due,3,1,1,0
NEW-000196,45,14129.2,annual,APAC,Enterprise,,9,7.57,25.4,4.34,1,1,337,not_due,6,2,0,1
NEW-000197,32,562.04,multi_year,APAC,SMB,57.52,7,14.7,46.16,4.32,2,0,361,not_due,2,4,1,0
NEW-000198,43,449.01,monthly,North America,SMB,89.56,3,4.72,19.24,5.0,0,1,-23,overdue,1,2,0,0
NEW-000199,35,1772.27,multi_year,North America,SMB,54.13,8,9.13,20.86,4.42,2,1,208,not_due,5,3,0,0
NEW-000200,80,4849.96,multi_year,APAC,Mid-Market,54.521652644358554,13,6.14,32.81,3.458221946359439,2,0,175,not_due,4,2,3,0
NEW-000201,63,2281.43,annual,Europe,Mid-Market,50.956122305801074,6,9.82,39.67,3.3567508723299553,5,0,17,due_soon,1,2,1,0
NEW-000202,64,3758.02,annual,Europe,Mid-Market,55.645866736994854,1,14.06,45.09,4.715170509648705,1,0,343,not_due,0,0,0,0
NEW-000203,21,975.74,multi_year,Europe,SMB,53.48,5,9.42,19.93,4.03,3,0,225,not_due,2,3,0,0
NEW-000204,48,3877.31,multi_year,Europe,Mid-Market,74.71,4,2.62,7.18,4.69,1,0,307,not_due,3,1,0,0
NEW-000205,69,1195.45,multi_year,Europe,SMB,85.87,5,4.34,16.9,4.72,3,1,297,not_due,3,2,0,0
NEW-000206,16,1049.86,annual,Europe,SMB,66.75057435129133,3,19.14,76.23,4.510865743682898,1,0,181,not_due,0,0,0,0
NEW-000207,86,963.71,multi_year,North America,SMB,64.49582788943448,9,12.83,36.93,4.384274176638406,2,1,32,due_soon,4,0,1,0
NEW-000208,20,689.74,annual,Latin America,SMB,94.27,1,4.3,16.06,4.96,1,0,287,not_due,0,1,0,0
NEW-000209,87,624.07,monthly,North America,SMB,72.29,3,3.88,10.06,4.4,1,0,339,not_due,2,1,0,0
NEW-000210,49,1103.06,annual,North America,SMB,70.84901430281087,7,10.53,39.81,4.598984762069568,1,0,297,not_due,4,1,0,0
NEW-000211,89,6824.99,monthly,APAC,Enterprise,46.26,6,6.73,31.89,3.97,2,1,207,not_due,2,2,2,0
NEW-000212,76,694.13,monthly,Latin America,SMB,51.88,6,12.53,63.09,4.6,1,0,279,not_due,2,1,2,1
NEW-000213,81,24332.94,multi_year,APAC,Strategic,66.19,6,14.12,56.24,4.08,2,0,-16,overdue,3,2,0,1
NEW-000214,60,588.42,monthly,North America,SMB,,5,4.9,22.07,4.68,1,0,68,upcoming,3,1,1,0
NEW-000215,33,11611.49,multi_year,Europe,Enterprise,80.3,6,4.58,22.84,4.93,2,1,43,due_soon,3,1,2,0
NEW-000216,64,1227.12,multi_year,Europe,SMB,92.0,5,9.96,27.43,4.85,3,1,127,,3,2,0,0
NEW-000217,67,538.77,monthly,Europe,SMB,62.52,3,18.82,41.99,4.75,3,2,66,upcoming,2,1,0,0
NEW-000218,59,731.56,monthly,North America,SMB,71.87,5,5.06,20.76,4.63,1,1,54,upcoming,3,2,0,0
NEW-000219,21,1193.92,monthly,North America,SMB,44.19,7,5.22,21.5,4.19,0,0,144,not_due,4,3,0,0
NEW-000220,39,540.49,annual,APAC,SMB,42.29987320937626,5,11.37,43.77,4.149917113094659,0,1,216,not_due,1,0,0,0
NEW-000221,34,473.44,annual,Latin America,SMB,38.73,4,17.33,66.41,3.57,2,0,301,not_due,2,1,1,0
NEW-000222,26,12577.97,annual,Middle East & Africa,Enterprise,79.23,5,8.64,31.11,4.71,0,1,302,not_due,2,3,0,0
NEW-000223,21,9900.47,annual,APAC,Enterprise,45.25,9,14.43,90.77,3.58,5,2,171,not_due,3,1,2,3
NEW-000224,31,1604.06,annual,Europe,Mid-Market,81.81,5,2.28,6.75,4.83,0,1,209,not_due,3,2,0,0
NEW-000225,18,665.66,annual,North America,SMB,71.82,3,16.56,62.61,4.43,0,1,145,not_due,2,1,0,0
NEW-000226,61,535.25,monthly,APAC,SMB,52.78,6,7.36,21.7,4.12,4,0,17,due_soon,5,1,0,0
NEW-000227,23,973.07,multi_year,Europe,SMB,59.04,7,9.86,42.75,4.58,1,1,128,not_due,3,3,1,0
NEW-000228,22,2281.31,annual,APAC,Mid-Market,34.1,4,8.63,36.52,3.34,4,2,130,not_due,1,0,3,0
NEW-000229,65,2614.34,monthly,North America,Mid-Market,87.54,5,9.63,38.96,4.63,2,2,15,due_soon,1,3,0,1
NEW-000230,54,2770.04,annual,Latin America,Mid-Market,79.84041059375875,4,1.46,5.49,4.73302504938239,2,0,96,upcoming,2,0,0,0
NEW-000231,51,659.51,monthly,North America,SMB,67.09,3,14.83,63.3,4.26,2,1,138,not_due,2,0,1,0
NEW-000232,39,20818.69,multi_year,North America,Enterprise,45.67,16,10.89,37.73,4.0,1,0,165,not_due,7,6,3,0
NEW-000233,31,1711.8,multi_year,Europe,SMB,56.64718484705273,6,5.34,17.56,3.9713259997594714,5,0,262,not_due,1,3,0,0
NEW-000234,65,1227.88,annual,Europe,SMB,100.0,3,8.29,31.85,5.0,1,0,115,upcoming,0,1,1,1
NEW-000235,26,1844.23,multi_year,North America,SMB,87.93,1,7.96,27.3,5.0,2,1,159,not_due,1,0,0,0
NEW-000236,43,1070.62,monthly,North America,SMB,78.23,1,9.01,19.26,4.94,1,0,114,upcoming,0,1,0,0
NEW-000237,45,7382.51,multi_year,APAC,Enterprise,100.0,2,7.32,22.49,4.59,3,2,325,not_due,1,1,0,0
NEW-000238,106,913.16,annual,Europe,SMB,71.0,8,6.23,35.06,4.2,1,0,149,not_due,3,2,3,0
NEW-000239,24,17763.05,annual,North America,Enterprise,67.29,8,7.97,36.63,4.24,1,2,13,due_soon,6,1,0,1
NEW-000240,16,654.9,annual,APAC,SMB,65.74,5,11.07,27.3,3.35,7,1,0,due_soon,4,1,0,0
NEW-000241,56,1478.17,annual,Europe,SMB,,6,7.52,25.86,3.94,2,1,246,not_due,3,2,1,0
NEW-000242,54,4039.36,annual,North America,Mid-Market,31.99,4,5.97,17.68,4.07,1,3,351,not_due,1,2,1,0
NEW-000243,120,9530.36,annual,APAC,Enterprise,56.76,11,11.65,40.91,4.07,4,1,-6,overdue,6,2,2,1
NEW-000244,28,3114.28,annual,North America,Mid-Market,57.81,5,5.36,12.32,4.51,2,1,164,not_due,2,3,0,0
NEW-000245,79,1139.99,annual,APAC,SMB,38.97,12,16.18,42.34,4.07,2,1,263,not_due,4,6,2,0
NEW-000246,24,614.9,multi_year,Europe,SMB,100.0,0,18.77,49.29,5.0,1,0,0,due_soon,0,0,0,0
NEW-000247,24,9393.22,annual,North America,Enterprise,39.76,8,8.9,33.61,4.67,2,1,-27,overdue,7,1,0,0
NEW-000248,79,1695.2,annual,APAC,Mid-Market,46.40410021480509,7,9.6,45.29,3.7116472036392345,1,2,309,not_due,1,2,3,0
NEW-000249,30,2583.09,annual,North America,Mid-Market,81.84,3,6.58,23.73,4.45,0,0,256,not_due,2,0,0,1
NEW-000250,24,4432.01,annual,APAC,Mid-Market,42.55,10,9.47,36.16,4.57,0,1,238,not_due,5,2,3,0
NEW-000251,43,966.92,monthly,North America,SMB,55.9,6,,31.41,4.61,0,0,-18,overdue,4,1,1,0
NEW-000252,53,2462.45,monthly,APAC,Mid-Market,67.7,5,7.78,29.23,3.98,2,0,297,not_due,4,0,1,0
NEW-000253,6,2768.23,annual,North America,Mid-Market,62.54,6,6.7,29.88,,2,0,211,not_due,4,1,1,0
NEW-000254,40,669.94,multi_year,North America,SMB,54.95,5,13.66,64.54,3.58,5,0,72,upcoming,2,1,1,1
NEW-000255,62,551.87,annual,Latin America,SMB,86.81,3,4.59,19.27,5.0,1,1,127,not_due,1,2,0,0
NEW-000256,34,1009.75,monthly,Latin America,Mid-Market,79.1,4,16.22,43.89,4.37,0,0,171,not_due,2,1,0,1
NEW-000257,70,8833.37,annual,APAC,Enterprise,65.0,8,9.81,42.27,3.75,6,1,115,upcoming,3,2,1,2
NEW-000258,64,3408.21,annual,Middle East & Africa,Mid-Market,51.71,6,5.9,33.17,4.42,2,1,25,due_soon,2,2,0,2
NEW-000259,26,574.5,monthly,,SMB,51.22,4,10.03,34.26,4.75,2,0,200,not_due,2,1,1,0
NEW-000260,117,9672.47,annual,North America,Enterprise,63.5,3,5.08,20.99,4.7,0,0,160,not_due,2,0,1,0
NEW-000261,35,4680.86,multi_year,APAC,Mid-Market,69.88541529421718,7,3.75,19.31,3.9449559879152276,3,0,137,not_due,3,1,1,0
NEW-000262,80,665.12,annual,APAC,SMB,73.54311033730137,5,12.76,29.72,4.39217494240392,2,0,-16,overdue,0,1,0,0
NEW-000263,64,5999.1,annual,APAC,Enterprise,68.01,3,7.37,32.89,4.62,2,1,144,not_due,1,1,1,0
NEW-000264,37,3327.92,monthly,North America,Mid-Market,73.1474337140748,4,11.78,31.58,4.358071347551843,2,0,184,not_due,0,1,0,0
NEW-000265,40,1528.62,annual,North America,SMB,71.13,5,5.56,25.79,5.0,0,1,336,not_due,2,1,2,0
NEW-000266,28,574.36,annual,North America,SMB,63.27,6,6.16,34.64,4.26,3,0,-30,overdue,4,0,0,2
NEW-000267,57,622.04,annual,Europe,SMB,60.87,3,4.59,24.75,4.32,4,0,56,upcoming,1,1,0,1
NEW-000268,59,1756.06,multi_year,APAC,Mid-Market,60.47,7,7.17,23.31,4.33,2,2,129,not_due,2,4,1,0
NEW-000269,69,8363.72,annual,North America,Enterprise,53.69870760297319,12,9.8,43.6,3.06664019532582,10,1,30,due_soon,5,3,1,1
NEW-000270,47,13588.97,annual,APAC,Enterprise,73.22,4,8.3,29.65,4.48,4,2,-2,overdue,3,0,1,0
NEW-000271,29,29261.32,multi_year,North America,Strategic,78.14,6,5.59,12.54,4.93,4,1,304,not_due,2,4,0,0
NEW-000272,14,658.25,annual,Latin America,SMB,84.08,0,14.13,32.79,5.0,0,0,325,not_due,0,0,0,0
NEW-000273,46,1389.7,monthly,North America,SMB,71.83,5,17.31,50.78,5.0,0,0,7,due_soon,3,1,1,0
NEW-000274,75,2828.64,annual,North America,Mid-Market,56.33,3,8.07,33.15,5.0,1,1,24,due_soon,1,1,0,1
NEW-000275,74,651.0,multi_year,APAC,SMB,67.46298794048026,11,5.77,20.52,3.9810877803017855,5,0,101,upcoming,4,2,1,0
NEW-000276,19,1821.38,monthly,APAC,Mid-Market,,2,6.45,17.99,4.71,1,1,6,due_soon,1,1,0,0
NEW-000277,19,566.25,annual,APAC,SMB,45.51,7,12.51,49.78,3.77,1,1,86,upcoming,2,2,1,2
NEW-000278,30,10886.29,monthly,North America,Enterprise,49.380948275473,12,10.64,43.23,3.911176333450485,2,0,66,upcoming,4,2,3,0
NEW-000279,67,3905.84,annual,Europe,Mid-Market,67.56,1,6.46,16.18,5.0,2,0,223,not_due,0,1,0,0
NEW-000280,78,3923.83,annual,Europe,Mid-Market,37.34,8,10.44,52.18,4.13,1,2,233,not_due,3,2,3,0
NEW-000281,67,1263.86,monthly,Latin America,Mid-Market,88.36,4,3.98,11.89,5.0,0,0,258,not_due,1,3,0,0
NEW-000282,53,554.66,monthly,Latin America,SMB,40.23,5,3.54,12.5,3.92,2,0,-25,overdue,3,2,0,0
NEW-000283,53,3608.66,annual,APAC,Mid-Market,100.0,1,12.51,44.82,4.97,1,0,326,not_due,0,1,0,0
NEW-000284,41,25903.86,monthly,Europe,Strategic,79.78,13,7.68,37.05,4.13,2,0,139,not_due,5,6,2,0
NEW-000285,70,10491.84,annual,APAC,Enterprise,63.56,8,9.97,48.27,4.09,0,0,258,not_due,4,2,1,1
NEW-000286,83,664.7,annual,,SMB,80.97249621402274,6,9.65,36.06,4.64543674885414,1,1,44,due_soon,0,2,0,0
NEW-000287,92,10596.02,annual,Middle East & Africa,Enterprise,54.24,9,10.25,52.26,4.87,1,0,219,not_due,4,3,0,2
NEW-000288,41,2694.32,multi_year,North America,Mid-Market,56.71,3,5.83,14.85,4.57,3,2,3,due_soon,2,1,0,0
NEW-000289,52,6621.99,monthly,APAC,Enterprise,68.4,4,1.87,17.66,4.05,0,1,119,upcoming,1,1,1,1
NEW-000290,3,7181.5,monthly,North America,Enterprise,50.44,8,9.92,40.74,3.56,5,1,82,upcoming,3,2,2,1
NEW-000291,11,2383.03,annual,APAC,Mid-Market,86.49095012472752,4,5.22,20.43,4.547691428079679,1,0,248,not_due,0,1,0,0
NEW-000292,56,3246.21,monthly,North America,Mid-Market,50.01,7,5.73,20.86,3.68,3,2,102,upcoming,3,2,2,0
NEW-000293,19,5304.32,annual,Europe,Mid-Market,48.74,6,8.88,38.02,4.43,2,1,184,not_due,4,1,0,1
NEW-000294,78,926.52,monthly,North America,SMB,48.38,7,6.09,30.2,4.43,1,1,104,upcoming,5,0,2,0
NEW-000295,40,6298.13,annual,Europe,Enterprise,70.192407319128,11,13.33,38.68,4.068607349125933,4,0,207,not_due,5,1,1,0
NEW-000296,47,9260.01,multi_year,Europe,Enterprise,78.93,5,17.31,41.23,4.0,4,1,-28,overdue,2,3,0,0
NEW-000297,37,9321.93,annual,Europe,Enterprise,72.6,8,12.79,,3.23,4,0,355,not_due,3,2,1,2
NEW-000298,31,1753.53,annual,North America,SMB,99.08,1,1.85,9.14,5.0,0,0,133,not_due,0,0,1,0
NEW-000299,59,659.43,annual,Latin America,SMB,68.14,4,5.68,22.12,4.72,5,0,228,not_due,1,2,1,0
NEW-000300,63,10303.14,annual,Europe,Enterprise,58.39,6,5.22,,3.81,0,0,11,due_soon,2,4,0,0
NEW-000301,19,,monthly,North America,Enterprise,58.94,9,6.14,24.65,4.92,1,1,28,due_soon,4,3,2,0
NEW-000302,81,698.62,annual,North America,SMB,55.73,5,23.45,52.25,4.18,1,1,9,due_soon,1,3,1,0
NEW-000303,34,7505.69,annual,Latin America,Enterprise,83.81,6,9.43,34.54,4.41,1,0,258,not_due,3,3,0,0
NEW-000304,60,2657.85,annual,Europe,Mid-Market,57.62673325490742,6,11.68,34.56,4.655572834369717,3,0,131,not_due,2,2,0,0
NEW-000305,72,680.37,monthly,APAC,SMB,55.02,4,22.74,57.16,3.93,1,1,166,not_due,2,0,2,0
NEW-000306,103,1024.69,annual,North America,SMB,74.40130419322847,4,,,4.590937503720268,2,0,356,not_due,1,0,0,0
NEW-000307,55,503.5,monthly,Europe,SMB,63.02,5,5.36,20.09,4.38,2,0,216,not_due,3,1,0,1
NEW-000308,35,4135.7,monthly,North America,Mid-Market,51.35,8,7.79,30.06,3.89,1,0,304,not_due,3,2,3,0
NEW-000309,30,6906.02,multi_year,North America,Mid-Market,47.16,7,3.66,34.74,4.11,1,0,286,not_due,2,1,3,1
NEW-000310,83,2386.27,multi_year,,Mid-Market,100.0,2,10.93,45.65,5.0,1,1,8,due_soon,1,1,0,0
NEW-000311,45,8990.99,monthly,Europe,Enterprise,23.89,6,11.85,39.11,2.65,8,0,276,not_due,0,4,1,1
NEW-000312,8,609.34,annual,North America,SMB,68.28516832880759,5,11.41,50.08,4.099315014371457,2,1,105,upcoming,1,2,0,1
NEW-000313,9,3649.01,multi_year,North America,Mid-Market,79.58991855355802,3,4.58,18.94,3.3546986869001554,1,0,344,,1,0,1,0
NEW-000314,27,4382.83,multi_year,APAC,Mid-Market,55.72,6,2.82,14.22,4.95,1,0,78,upcoming,2,2,2,0
NEW-000315,72,514.09,multi_year,Latin America,SMB,67.22,5,7.66,28.35,4.78,0,0,-13,overdue,1,2,2,0
NEW-000316,34,887.35,monthly,North America,SMB,31.72,8,10.42,38.05,3.7,2,1,218,not_due,2,4,2,0
NEW-000317,21,579.03,monthly,Europe,SMB,76.65,2,1.09,7.01,5.0,0,0,50,upcoming,1,0,1,0
NEW-000318,68,2878.96,monthly,APAC,Mid-Market,79.84,2,12.65,41.76,4.4,1,0,263,not_due,0,2,0,0
NEW-000319,68,11248.88,annual,North America,Enterprise,31.515014945162932,7,3.36,11.34,3.8925520035228027,3,1,349,not_due,4,2,0,0
NEW-000320,54,1184.71,annual,Europe,SMB,41.630159258425884,8,12.59,50.98,3.769941825028844,3,1,225,not_due,2,3,2,0
NEW-000321,61,488.87,multi_year,Latin America,SMB,67.98,3,8.04,33.37,4.41,0,0,124,not_due,2,0,1,0
NEW-000322,38,862.77,annual,APAC,SMB,94.41,3,6.74,18.58,4.25,1,0,48,upcoming,2,1,0,0
NEW-000323,42,,multi_year,North America,Enterprise,97.73,3,4.58,20.68,4.6,0,0,15,due_soon,0,2,0,1
NEW-000324,71,1190.99,monthly,Latin America,Mid-Market,59.59,5,7.4,27.97,4.88,1,0,57,upcoming,1,3,1,0
NEW-000325,24,3675.5,annual,North America,Mid-Market,14.810082983301463,12,11.57,51.28,2.64671022893355,7,2,280,not_due,5,3,3,0
NEW-000326,73,1084.49,annual,North America,SMB,68.82,3,16.55,45.32,4.64,2,3,84,upcoming,2,0,1,0
NEW-000327,36,412.67,annual,APAC,SMB,97.84,1,3.05,8.29,5.0,1,0,34,due_soon,1,0,0,0
NEW-000328,35,1332.21,multi_year,Europe,SMB,66.46,7,4.07,24.73,4.62,1,0,69,upcoming,4,1,2,0
NEW-000329,19,9009.92,annual,APAC,Enterprise,71.72,9,8.16,42.58,4.12,2,0,254,not_due,5,1,1,2
NEW-000330,30,2184.68,annual,North America,Mid-Market,75.25427961957172,6,23.74,97.69,4.3275832266358885,3,0,322,not_due,0,1,1,0
NEW-000331,29,4260.56,multi_year,Middle East & Africa,Mid-Market,73.26,7,10.92,33.3,3.51,6,2,363,not_due,4,1,2,0
NEW-000332,44,5408.45,annual,Latin America,Mid-Market,46.2,5,5.16,17.93,4.39,2,0,253,not_due,4,0,1,0
NEW-000333,5,9257.61,,Middle East & Africa,Enterprise,56.95,2,7.28,17.83,4.71,2,0,202,not_due,1,1,0,0
NEW-000334,25,17255.07,annual,North America,Strategic,63.34,12,11.65,38.62,4.17,1,1,314,not_due,7,5,0,0
NEW-000335,104,1431.36,annual,North America,SMB,71.8263034076366,6,16.83,47.47,4.1114721364756885,1,1,192,not_due,1,3,1,0
NEW-000336,34,376.01,annual,APAC,SMB,88.46,3,6.18,26.83,5.0,1,0,308,not_due,0,2,1,0
NEW-000337,33,4204.53,annual,North America,Mid-Market,61.04533858668118,9,4.59,16.26,4.145226820737173,2,1,237,not_due,1,3,1,0
NEW-000338,39,628.97,monthly,Europe,SMB,66.88,5,14.88,44.08,4.89,1,1,26,due_soon,2,1,1,1
NEW-000339,31,896.06,annual,North America,SMB,54.95,10,6.56,24.18,3.8,3,1,237,not_due,6,2,2,0
NEW-000340,25,3047.7,multi_year,North America,Mid-Market,79.25,2,4.15,16.63,4.97,0,0,5,due_soon,2,0,0,0
NEW-000341,69,11592.22,monthly,APAC,Strategic,59.69,9,5.84,22.45,5.0,0,2,44,due_soon,5,3,1,0
NEW-000342,34,17752.7,annual,APAC,Strategic,85.94412356424178,10,2.48,11.3,4.173601905714464,2,0,66,upcoming,4,1,1,0
NEW-000343,120,5007.53,multi_year,Europe,Mid-Market,88.63,3,3.57,13.85,5.0,0,1,223,not_due,2,1,0,0
NEW-000344,33,729.91,,APAC,SMB,54.71,3,11.61,43.04,3.65,2,0,29,due_soon,2,0,1,0
NEW-000345,66,2358.85,monthly,Europe,Mid-Market,42.1,4,8.94,29.81,3.98,3,1,301,not_due,2,1,0,1
NEW-000346,35,763.1,monthly,Europe,SMB,31.33,9,11.3,43.28,4.19,3,2,319,not_due,6,2,0,1
NEW-000347,45,8985.14,multi_year,APAC,Enterprise,57.76,4,6.97,30.31,3.91,3,1,157,not_due,1,1,2,0
NEW-000348,31,2153.58,annual,Latin America,Mid-Market,93.05,1,1.39,7.15,5.0,0,0,335,not_due,0,0,1,0
NEW-000349,26,867.71,monthly,North America,SMB,61.98,4,8.28,27.39,3.73,1,0,238,not_due,1,2,0,1
NEW-000350,30,661.3,monthly,APAC,SMB,38.25,7,9.27,52.84,3.66,4,3,-9,overdue,4,0,2,1
NEW-000351,64,2992.05,monthly,APAC,Mid-Market,94.36,3,3.28,20.53,4.6,2,0,93,upcoming,1,0,1,1
NEW-000352,100,9809.93,multi_year,North America,Enterprise,83.93829293429296,15,9.26,41.69,4.446498591450207,3,3,362,not_due,3,7,1,1
NEW-000353,71,11580.67,annual,North America,Enterprise,53.07,10,7.87,29.29,4.53,3,0,305,not_due,7,2,1,0
NEW-000354,38,4554.23,annual,APAC,Mid-Market,100.0,4,7.97,22.1,4.85,0,0,135,not_due,2,2,0,0
NEW-000355,62,7753.42,annual,Europe,Enterprise,66.13040667726196,6,33.15,105.68,3.6970487089652386,4,0,227,not_due,2,3,0,0
NEW-000356,120,3141.18,multi_year,North America,Mid-Market,69.29,2,10.1,39.97,4.74,0,0,168,not_due,1,0,1,0
NEW-000357,112,952.65,annual,North America,SMB,45.36,6,11.34,55.4,3.4,4,0,175,not_due,2,2,1,1
NEW-000358,67,984.33,monthly,North America,SMB,87.98,2,11.73,49.96,5.0,0,1,342,not_due,1,0,1,0
NEW-000359,34,9741.15,monthly,North America,Enterprise,55.79,15,4.93,21.9,4.04,1,1,192,not_due,7,6,2,0
NEW-000360,38,10968.83,annual,North America,Enterprise,66.04,7,4.39,17.4,4.93,0,0,100,upcoming,4,3,0,0
NEW-000361,87,6746.04,annual,North America,Mid-Market,64.53,2,5.77,18.3,4.7,1,0,73,upcoming,0,1,1,0
NEW-000362,67,2247.04,multi_year,Latin America,Mid-Market,41.61,4,13.55,41.0,4.67,4,1,228,not_due,1,2,1,0
NEW-000363,71,18382.36,monthly,Europe,Strategic,86.66,6,16.13,51.74,4.58,2,2,338,not_due,2,3,0,1
NEW-000364,23,1215.53,annual,North America,SMB,83.27,3,7.49,22.89,4.98,2,0,195,not_due,0,2,1,0
NEW-000365,45,3044.9,annual,Middle East & Africa,Mid-Market,57.70158780188811,7,4.79,19.69,4.567984060439574,2,1,365,not_due,2,1,1,0
NEW-000366,79,1127.61,annual,APAC,SMB,70.18,5,9.06,40.7,4.91,0,0,76,upcoming,1,2,1,1
NEW-000367,43,1245.97,monthly,Europe,SMB,58.99,4,3.57,11.17,4.09,1,0,106,upcoming,2,2,0,0
NEW-000368,51,17333.89,annual,APAC,Enterprise,76.71,7,3.55,27.08,4.5,1,0,254,not_due,3,1,2,1
NEW-000369,38,5840.74,monthly,Europe,Enterprise,69.1,7,5.33,17.6,4.3,1,0,50,upcoming,3,3,1,0
NEW-000370,64,8328.37,monthly,Europe,Enterprise,42.11,2,1.5,14.8,5.0,0,0,8,due_soon,1,0,0,1
NEW-000371,54,8799.37,annual,North America,Enterprise,38.53,8,7.0,19.53,4.27,3,0,220,not_due,2,5,1,0
NEW-000372,28,653.66,monthly,Europe,SMB,76.33,4,11.69,51.52,4.77,2,0,98,upcoming,2,1,1,0
NEW-000373,7,3960.49,multi_year,APAC,Mid-Market,69.32,5,12.26,45.34,4.38,2,1,129,not_due,2,2,1,0
NEW-000374,31,2637.53,monthly,North America,Mid-Market,40.45,5,9.06,28.29,4.51,3,2,0,due_soon,1,3,1,0
NEW-000375,21,3690.31,multi_year,APAC,Mid-Market,49.606182149387436,5,6.33,19.03,3.7108194591490746,2,1,172,not_due,2,2,0,0
NEW-000376,69,2370.89,multi_year,North America,Mid-Market,54.37,4,8.96,27.46,4.96,2,0,98,upcoming,3,1,0,0
NEW-000377,49,3283.32,multi_year,APAC,Mid-Market,90.08,2,6.7,22.95,5.0,1,0,20,due_soon,2,0,0,0
NEW-000378,21,2021.3,multi_year,Europe,SMB,48.2,7,9.65,38.3,3.66,2,2,15,due_soon,1,4,2,0
NEW-000379,39,1384.02,multi_year,North America,SMB,58.22,5,7.93,21.41,4.56,2,4,-13,overdue,2,3,0,0
NEW-000380,62,2381.57,monthly,Europe,SMB,74.2,5,5.41,27.63,4.08,2,0,61,upcoming,2,1,2,0
NEW-000381,59,29549.58,multi_year,APAC,Strategic,58.68,8,31.5,91.06,2.98,3,1,118,upcoming,0,4,2,2
NEW-000382,29,10160.02,annual,APAC,Enterprise,79.01,5,2.49,16.9,4.52,0,0,269,not_due,2,1,2,0
NEW-000383,45,664.74,annual,Europe,SMB,,3,4.51,16.16,4.71,1,0,199,not_due,3,0,0,0
NEW-000384,20,11596.79,monthly,Europe,Enterprise,58.96664210746637,11,10.49,38.4,3.850554510356655,0,0,143,not_due,3,4,0,0
NEW-000385,14,12319.21,monthly,Europe,Enterprise,72.11,10,10.32,41.5,3.95,2,2,322,not_due,3,4,2,1
NEW-000386,50,450.7,multi_year,APAC,SMB,65.47,6,8.08,50.74,4.41,3,2,177,not_due,1,3,0,2
NEW-000387,11,6008.75,monthly,North America,Enterprise,58.99,12,6.44,24.79,3.86,2,2,101,upcoming,5,5,2,0
NEW-000388,28,9759.96,annual,Middle East & Africa,Enterprise,44.16,7,17.17,59.55,3.78,5,2,180,not_due,1,6,0,0
NEW-000389,56,826.08,multi_year,North America,SMB,100.0,2,15.24,60.93,4.9,2,1,314,not_due,1,0,1,0
NEW-000390,35,14252.3,annual,Europe,Enterprise,48.76,11,12.69,58.52,4.16,3,2,159,not_due,5,4,1,1
NEW-000391,37,26463.1,annual,Europe,Strategic,60.97,4,4.22,14.82,4.85,0,0,264,not_due,3,1,0,0
NEW-000392,25,14344.54,annual,North America,Enterprise,59.67,8,5.51,24.91,4.72,0,1,-16,,4,3,0,1
NEW-000393,66,480.05,monthly,Middle East & Africa,SMB,,1,5.84,21.61,4.87,1,0,169,not_due,0,1,0,0
NEW-000394,38,721.44,annual,North America,SMB,91.02,2,10.6,34.04,4.74,1,1,78,upcoming,1,0,1,0
NEW-000395,31,3027.36,monthly,North America,Mid-Market,53.46,6,4.31,17.31,4.49,2,2,86,upcoming,3,2,1,0
NEW-000396,44,544.23,annual,North America,SMB,41.82834997999809,9,9.74,42.06,3.2997728747132715,2,1,39,due_soon,3,1,1,0
NEW-000397,50,561.59,annual,APAC,SMB,59.04,8,6.06,40.82,4.39,2,1,350,not_due,2,2,3,1
NEW-000398,33,483.24,annual,Middle East & Africa,SMB,57.91,7,10.3,22.47,4.29,3,1,185,not_due,5,2,0,0
NEW-000399,46,1459.66,multi_year,North America,SMB,39.12,10,7.07,24.36,4.65,2,1,351,,2,6,2,0
NEW-000400,43,2962.78,monthly,North America,Mid-Market,61.19,8,5.84,21.33,4.62,2,0,268,not_due,0,7,0,1
NEW-000401,30,671.29,monthly,North America,SMB,41.24,3,12.35,47.8,3.97,3,1,4,due_soon,1,2,0,0
NEW-000402,42,1502.18,annual,Middle East & Africa,Mid-Market,79.34,4,8.51,24.16,4.31,2,1,171,not_due,2,1,1,0
NEW-000403,79,1571.37,multi_year,North America,SMB,65.56,3,6.48,18.92,5.0,1,1,305,not_due,2,1,0,0
NEW-000404,37,1046.73,multi_year,Europe,SMB,94.45,1,4.0,9.41,5.0,0,1,16,due_soon,1,0,0,0
NEW-000405,61,1095.79,multi_year,Europe,SMB,64.44,7,5.97,24.4,3.94,2,0,269,not_due,4,2,1,0
NEW-000406,22,6407.27,monthly,Europe,Enterprise,53.99,4,12.01,50.8,4.71,2,0,356,not_due,2,1,1,0
NEW-000407,42,319.81,monthly,Middle East & Africa,SMB,83.76,2,6.87,31.02,4.94,1,0,347,not_due,0,1,1,0
NEW-000408,120,15015.96,monthly,Europe,Enterprise,56.4,9,13.46,60.87,3.48,4,0,13,due_soon,6,1,1,1
NEW-000409,32,4215.27,annual,Europe,Mid-Market,66.97,5,7.48,37.22,3.93,3,0,337,not_due,3,0,2,0
NEW-000410,58,17752.43,multi_year,Latin America,Strategic,79.38,9,10.96,46.62,4.25,3,1,118,upcoming,5,3,0,1
NEW-000411,84,361.68,annual,North America,SMB,56.51,8,11.59,52.24,3.55,4,2,30,due_soon,5,1,1,1
NEW-000412,33,29781.31,monthly,Middle East & Africa,Strategic,81.07,11,5.75,11.58,4.04,3,1,295,not_due,1,10,0,0
NEW-000413,19,44445.27,annual,North America,Strategic,77.3,4,4.78,11.65,4.42,2,0,215,not_due,3,1,0,0
NEW-000414,58,8241.41,monthly,North America,Enterprise,59.721199139492846,12,11.67,52.71,3.4388496854317183,6,0,275,not_due,6,3,0,1
NEW-000415,24,2556.84,annual,Latin America,Mid-Market,63.07,6,12.76,39.67,4.35,4,1,275,not_due,2,2,1,1
NEW-000416,40,423.44,annual,APAC,SMB,75.25,3,11.55,26.44,5.0,1,0,62,upcoming,2,1,0,0
NEW-000417,34,897.74,monthly,North America,SMB,73.55,4,2.34,5.4,5.0,0,0,70,upcoming,3,1,0,0
NEW-000418,59,9575.03,,North America,Enterprise,100.0,6,8.48,30.93,5.0,0,0,120,upcoming,2,2,1,1
NEW-000419,77,2799.55,annual,Latin America,Mid-Market,52.33,6,16.79,66.23,3.81,4,1,237,not_due,2,3,1,0
NEW-000420,41,987.78,monthly,North America,SMB,10.97,12,10.64,53.08,2.8,4,2,291,not_due,3,3,6,0
NEW-000421,17,33179.06,annual,Europe,Strategic,74.01,13,6.25,20.56,4.14,1,3,176,not_due,6,6,1,0
NEW-000422,23,8277.51,annual,North America,Enterprise,77.57,3,11.43,45.08,4.62,2,0,59,upcoming,1,2,0,0
NEW-000423,50,4488.12,annual,North America,Mid-Market,62.73618631710862,9,9.3,46.66,3.678400824047355,2,1,47,upcoming,3,3,0,1
NEW-000424,15,946.89,monthly,Europe,SMB,74.47,5,6.61,39.36,4.3,3,1,72,upcoming,1,2,0,2
NEW-000425,33,1567.52,monthly,Europe,SMB,55.71855095719215,4,6.31,15.26,4.3084824338103545,3,1,290,not_due,2,0,0,0
NEW-000426,42,16309.68,monthly,North America,Enterprise,56.87678583559335,12,10.62,34.78,3.4081583662973705,6,0,0,due_soon,4,2,1,1
NEW-000427,33,2244.62,monthly,Europe,Mid-Market,74.18,1,9.48,27.77,4.4,3,0,166,not_due,0,1,0,0
NEW-000428,102,10536.39,annual,APAC,Enterprise,82.93,4,7.76,19.69,4.65,2,1,-11,overdue,3,1,0,0
NEW-000429,46,7765.07,monthly,Europe,Enterprise,58.24,7,5.85,33.72,3.52,4,0,24,due_soon,1,4,1,1
NEW-000430,113,656.1,annual,Europe,SMB,72.2,4,3.57,13.89,5.0,2,1,348,not_due,4,0,0,0
NEW-000431,96,9492.04,monthly,North America,Enterprise,30.83,13,10.34,47.72,3.24,2,0,93,upcoming,8,3,0,2
NEW-000432,29,894.05,annual,Middle East & Africa,SMB,32.076192539916065,4,,32.16,3.76419953162435,4,0,70,upcoming,1,0,0,0
NEW-000433,35,5785.56,annual,Latin America,Enterprise,53.08,4,3.39,24.83,4.94,0,0,183,not_due,0,2,1,1
NEW-000434,34,13444.83,annual,Middle East & Africa,Strategic,54.88693154546465,11,14.22,73.18,3.2412486989554354,4,0,267,not_due,4,2,2,1
NEW-000435,29,12459.02,annual,APAC,Enterprise,83.43,8,14.06,59.81,4.1,2,1,48,upcoming,4,3,0,1
NEW-000436,39,2120.11,monthly,APAC,Mid-Market,87.16,2,5.2,11.55,5.0,1,0,280,not_due,0,2,0,0
NEW-000437,68,4127.88,annual,North America,Mid-Market,74.38,4,9.49,45.84,4.26,3,1,82,upcoming,2,1,0,1
NEW-000438,7,726.92,multi_year,Europe,SMB,74.24888722448296,4,4.49,21.6,4.184473950134507,2,0,2,due_soon,0,2,1,0
NEW-000439,29,2708.52,multi_year,APAC,Mid-Market,53.51350471370791,8,9.73,48.63,4.274664756255139,3,2,128,not_due,2,0,2,1
NEW-000440,98,780.31,annual,North America,SMB,74.59,4,8.61,32.7,5.0,1,1,300,not_due,2,1,1,0
NEW-000441,67,8974.31,monthly,North America,Enterprise,47.28529898706764,12,11.17,53.88,3.174992671288429,3,1,-4,overdue,3,2,3,0
NEW-000442,15,6248.66,monthly,North America,Enterprise,41.352737651809086,15,5.41,33.71,2.702017755591785,3,0,337,not_due,4,5,1,1
NEW-000443,45,933.37,annual,North America,SMB,60.5,1,6.69,22.63,4.57,0,0,-28,overdue,1,0,0,0
NEW-000444,58,14360.37,annual,APAC,Enterprise,77.34885424125041,6,3.36,6.91,4.479487068806472,3,0,168,not_due,2,1,0,0
NEW-000445,15,2407.22,annual,Europe,Mid-Market,58.53,5,7.0,20.16,4.8,0,1,157,not_due,1,3,1,0
NEW-000446,43,479.61,multi_year,Middle East & Africa,SMB,50.766991742614366,10,6.87,28.39,4.558606996645587,2,0,285,not_due,5,1,0,0
NEW-000447,102,3318.58,annual,Middle East & Africa,Mid-Market,72.60923000257728,2,4.28,11.11,3.9047418546275474,2,0,-23,overdue,0,1,0,0
NEW-000448,53,11601.52,multi_year,Middle East & Africa,Enterprise,86.22,3,5.74,15.84,5.0,0,0,8,due_soon,2,1,0,0
NEW-000449,45,3274.52,annual,APAC,Mid-Market,65.95317879430658,9,7.76,26.07,4.101196191753165,2,2,83,upcoming,4,1,1,0
NEW-000450,29,6162.86,monthly,APAC,Enterprise,60.79,9,6.25,22.31,4.14,0,2,143,not_due,5,4,0,0
NEW-000451,53,6451.5,monthly,Middle East & Africa,Enterprise,23.796173322331846,14,7.07,36.62,3.5690073627734,3,2,193,not_due,8,2,2,1
NEW-000452,10,541.41,monthly,APAC,SMB,39.18470172236381,9,8.38,53.04,2.6315636222699457,5,1,193,not_due,3,2,1,2
NEW-000453,56,2320.25,annual,APAC,Mid-Market,90.45,2,3.86,9.74,4.66,1,2,-14,overdue,1,1,0,0
NEW-000454,96,1380.68,annual,Europe,SMB,77.01,2,2.66,10.97,5.0,0,1,292,not_due,1,1,0,0
NEW-000455,16,545.38,annual,APAC,SMB,76.17,3,1.62,14.68,4.95,0,0,167,not_due,1,0,2,0
NEW-000456,73,3931.8,,APAC,Mid-Market,59.59,5,3.74,14.77,4.27,0,0,137,not_due,3,2,0,0
NEW-000457,26,805.62,monthly,North America,SMB,53.96,4,2.72,9.39,4.49,1,0,319,not_due,4,0,0,0
NEW-000458,94,933.16,annual,North America,SMB,71.78,2,10.34,39.69,4.64,2,0,62,upcoming,1,1,0,0
NEW-000459,59,478.54,monthly,North America,SMB,44.14626840449537,8,10.22,48.6,4.114406111828645,4,0,125,not_due,1,1,2,1
NEW-000460,24,4112.43,annual,Europe,Mid-Market,56.63,7,8.24,54.94,4.56,0,1,322,not_due,2,1,3,1
NEW-000461,35,3087.29,multi_year,North America,Mid-Market,57.83981199141542,7,11.8,36.82,4.24105623131019,3,1,118,upcoming,1,2,0,1
NEW-000462,41,1344.3,annual,APAC,SMB,91.19,1,7.39,24.89,4.82,0,0,161,not_due,0,1,0,0
NEW-000463,61,7126.8,annual,APAC,Enterprise,63.32,9,8.41,36.95,,2,1,103,upcoming,4,4,1,0
NEW-000464,36,2735.33,monthly,APAC,Mid-Market,56.06,4,4.4,18.96,5.0,1,1,149,not_due,2,1,1,0
NEW-000465,104,1596.86,annual,APAC,SMB,77.0,4,16.67,55.73,4.81,0,0,348,not_due,1,2,1,0
NEW-000466,63,3632.19,annual,Middle East & Africa,Mid-Market,57.67564251418829,10,6.85,34.07,4.096898654306047,2,0,12,due_soon,3,2,2,0
NEW-000467,94,8786.76,annual,APAC,Enterprise,81.75,4,14.52,64.53,5.0,0,1,318,not_due,2,0,1,1
NEW-000468,62,6704.42,monthly,Europe,Enterprise,75.64,4,9.78,23.22,5.0,2,1,178,not_due,2,2,0,0
NEW-000469,32,11972.16,monthly,APAC,Enterprise,85.15,4,2.91,,5.0,0,0,68,upcoming,3,0,1,0
NEW-000470,46,2033.78,multi_year,North America,SMB,57.26,4,8.75,20.13,4.73,0,0,56,upcoming,3,1,0,0
NEW-000471,23,1129.72,multi_year,Latin America,Mid-Market,71.32,1,4.73,16.96,5.0,2,1,170,not_due,1,0,0,0
NEW-000472,70,698.07,monthly,North America,SMB,41.79322039978783,7,5.02,21.97,4.11051700762324,0,0,331,not_due,2,2,2,0
NEW-000473,30,4596.6,annual,APAC,Mid-Market,70.54,3,2.12,5.93,5.0,1,0,80,upcoming,3,0,0,0
NEW-000474,42,1288.95,multi_year,North America,SMB,82.6,6,6.09,27.85,5.0,1,0,101,upcoming,2,2,2,0
NEW-000475,74,,multi_year,North America,Strategic,69.96166824642839,11,14.27,40.39,3.672153813297045,4,1,47,upcoming,4,4,1,0
NEW-000476,101,363.82,monthly,APAC,SMB,57.64,7,14.64,71.04,3.26,8,3,66,upcoming,2,1,3,1
NEW-000477,45,10956.24,monthly,Europe,Enterprise,41.81,14,,53.53,3.14,3,1,90,upcoming,4,5,4,1
NEW-000478,48,9158.88,annual,Middle East & Africa,Enterprise,26.322039309822163,9,7.64,38.38,3.735224560097022,4,1,7,due_soon,7,0,0,1
NEW-000479,35,7428.96,annual,Latin America,Enterprise,46.64,12,17.43,71.68,3.5,3,1,23,due_soon,7,1,2,2
NEW-000480,17,17264.7,monthly,North America,Enterprise,35.42,11,14.36,52.08,3.97,3,0,347,not_due,4,4,1,2
NEW-000481,50,474.69,monthly,APAC,SMB,91.56,1,1.61,4.3,5.0,0,0,250,not_due,1,0,0,0
NEW-000482,90,22348.28,multi_year,APAC,Enterprise,47.24,8,9.86,41.41,4.33,1,1,342,not_due,4,3,0,1
NEW-000483,25,4186.25,multi_year,Europe,Mid-Market,57.58,4,5.49,19.51,4.69,1,4,152,not_due,2,1,1,0
NEW-000484,26,581.39,annual,North America,SMB,24.26,7,8.37,26.83,3.79,4,0,282,not_due,2,4,1,0
NEW-000485,77,6146.43,monthly,APAC,Enterprise,,9,12.57,64.82,3.24,3,1,172,not_due,4,3,1,1
NEW-000486,12,970.73,monthly,,SMB,50.158338795738125,3,4.85,10.9,4.477935743967357,4,2,330,not_due,0,0,0,0
NEW-000487,112,595.83,monthly,APAC,SMB,73.24,5,6.82,26.96,4.88,0,0,208,not_due,2,1,2,0
NEW-000488,56,684.58,annual,North America,SMB,75.02,3,4.81,20.06,4.39,0,1,296,not_due,1,1,1,0
NEW-000489,9,2392.31,monthly,Middle East & Africa,Mid-Market,62.23,13,10.12,39.71,3.98,2,1,64,upcoming,2,8,3,0
NEW-000490,35,6526.11,monthly,APAC,Enterprise,38.22,6,10.62,41.25,3.59,3,0,315,not_due,0,3,2,1
NEW-000491,80,4453.61,multi_year,North America,Mid-Market,67.29,3,7.45,20.62,4.65,1,0,79,upcoming,2,1,0,0
NEW-000492,63,1011.65,annual,Europe,SMB,90.65,6,7.65,40.99,3.95,1,0,73,upcoming,3,0,2,1
NEW-000493,42,906.58,annual,Middle East & Africa,SMB,72.33329672855052,5,7.24,20.12,4.8300119387589895,1,1,43,due_soon,1,2,1,0
NEW-000494,13,1585.28,multi_year,APAC,Mid-Market,52.08,9,11.71,32.14,3.67,3,0,339,not_due,4,3,2,0
NEW-000495,40,20761.17,multi_year,North America,Enterprise,84.11,7,5.16,17.23,4.58,0,1,49,upcoming,4,2,1,0
NEW-000496,75,932.2,multi_year,APAC,SMB,48.29064256196393,6,7.08,28.04,4.179710337090421,3,0,191,not_due,0,3,0,0
NEW-000497,51,1458.67,annual,Europe,SMB,36.09154278689257,8,8.09,36.71,4.32525296687029,3,2,-20,overdue,5,0,1,0
NEW-000498,81,10532.1,multi_year,Europe,Enterprise,75.24239155584966,11,13.18,41.59,3.5859642714291224,3,1,54,upcoming,2,6,0,0
NEW-000499,90,2084.59,multi_year,North America,Mid-Market,56.37,4,3.21,11.34,5.0,0,0,217,not_due,3,0,1,0
NEW-000500,120,4400.38,annual,North America,Mid-Market,,8,12.82,42.73,4.51,2,0,119,upcoming,3,3,2,0
NEW-000501,44,12591.99,monthly,APAC,Strategic,41.48043536958508,12,5.41,35.37,4.156135856917451,5,2,82,upcoming,3,1,4,0
NEW-000502,20,931.72,annual,Europe,SMB,79.23,2,2.26,5.43,5.0,1,1,150,not_due,1,1,0,0
NEW-000503,87,3271.09,annual,Europe,Mid-Market,90.33008184188778,5,5.22,11.1,4.701842134689687,2,0,232,not_due,2,1,0,0
NEW-000504,63,966.65,annual,APAC,SMB,35.62269267013778,11,6.74,48.46,3.23393881633132,4,1,361,not_due,2,2,1,2
NEW-000505,59,359.43,monthly,Latin America,SMB,100.0,1,10.75,38.04,5.0,0,0,314,not_due,0,1,0,0
NEW-000506,36,11350.54,annual,North America,Enterprise,60.55,4,8.11,32.02,4.77,1,0,357,not_due,1,1,2,0
NEW-000507,32,43884.18,monthly,North America,Strategic,76.02,13,5.36,13.72,4.01,2,0,36,due_soon,2,11,0,0
NEW-000508,44,3996.92,multi_year,Europe,Mid-Market,88.62,2,5.8,18.89,5.0,0,0,57,upcoming,1,1,0,0
NEW-000509,80,892.03,multi_year,North America,SMB,64.324843969855,10,6.02,22.03,4.275734064514468,3,0,315,not_due,3,2,0,1
NEW-000510,37,9126.55,annual,Middle East & Africa,Enterprise,100.0,3,5.31,21.54,4.61,1,0,-2,overdue,3,0,0,0
NEW-000511,31,3845.86,multi_year,North America,Mid-Market,39.7,6,8.93,40.89,4.84,1,0,313,not_due,3,2,1,0
NEW-000512,18,15967.28,monthly,Latin America,Strategic,93.73,5,6.88,18.98,4.76,2,0,137,not_due,4,0,1,0
NEW-000513,51,14368.08,annual,APAC,Enterprise,63.62251769264489,17,,60.21,3.2155324133154974,4,0,331,not_due,6,6,2,1
NEW-000514,55,4748.37,monthly,North America,Mid-Market,88.35852193757653,8,,11.04,3.9343169022632294,0,0,-14,overdue,2,2,1,0
NEW-000515,77,531.82,annual,APAC,SMB,68.95,3,28.47,71.35,4.56,0,0,155,not_due,2,1,0,0
NEW-000516,64,14971.0,annual,APAC,Strategic,68.70494302292933,7,2.73,17.11,4.414566755569492,4,0,228,not_due,1,1,0,1
NEW-000517,93,3407.84,annual,North America,Mid-Market,90.13,1,6.81,20.7,5.0,2,1,354,not_due,0,1,0,0
NEW-000518,95,599.2,monthly,Europe,SMB,89.34,3,15.96,62.35,5.0,0,0,241,not_due,2,1,0,0
NEW-000519,68,2280.52,annual,APAC,Mid-Market,78.58,3,18.75,62.03,4.65,0,0,310,not_due,3,0,0,0
NEW-000520,24,9640.66,monthly,North America,Enterprise,43.42521172483641,10,8.75,43.0,3.562742866251702,3,1,129,not_due,3,2,3,1
NEW-000521,117,1153.83,annual,North America,SMB,85.08397317073667,7,11.62,51.72,4.360296167650284,2,0,271,not_due,1,0,1,1
NEW-000522,6,11539.02,multi_year,Middle East & Africa,Enterprise,70.14026296126127,5,11.58,24.99,4.551670236127978,3,1,55,upcoming,2,1,0,0
NEW-000523,30,3921.26,annual,North America,Mid-Market,78.63,0,4.17,16.25,5.0,0,0,283,not_due,0,0,0,0
NEW-000524,82,1824.22,monthly,North America,Mid-Market,71.23,8,14.27,47.36,4.0,3,0,92,upcoming,7,1,0,0
NEW-000525,22,968.4,monthly,North America,SMB,64.36,1,3.39,14.0,5.0,0,0,251,not_due,1,0,0,0
NEW-000526,80,3867.0,annual,Europe,Mid-Market,45.639295747912676,8,7.29,15.38,4.68273639683378,2,0,225,not_due,4,1,0,0
NEW-000527,49,841.18,monthly,Europe,SMB,72.83,4,3.46,8.56,5.0,0,0,14,due_soon,0,4,0,0
NEW-000528,24,957.75,multi_year,North America,SMB,77.35,3,5.63,17.77,4.66,0,0,-4,overdue,1,2,0,0
NEW-000529,29,1628.5,multi_year,North America,SMB,100.0,2,9.34,25.58,5.0,1,0,86,upcoming,2,0,0,0
NEW-000530,45,6645.7,monthly,Europe,Enterprise,76.15,5,11.42,38.8,5.0,2,0,332,,2,3,0,0
NEW-000531,22,1458.31,annual,APAC,SMB,68.99,1,24.23,91.6,,2,0,87,upcoming,1,0,0,0
NEW-000532,38,828.26,annual,North America,SMB,42.01514091061258,8,10.67,50.55,3.857672409611893,4,0,32,due_soon,4,1,2,0
NEW-000533,60,1413.42,multi_year,North America,SMB,86.32,7,10.29,25.62,3.88,1,0,-27,overdue,2,4,1,0
NEW-000534,86,1400.59,multi_year,North America,SMB,65.25,6,6.67,35.56,4.65,3,0,219,not_due,1,4,0,1
NEW-000535,40,2342.88,monthly,Europe,Mid-Market,78.43,3,7.44,24.34,4.58,0,0,209,not_due,0,2,0,1
NEW-000536,31,3832.19,annual,North America,Mid-Market,96.15,0,8.68,19.86,5.0,0,1,113,upcoming,0,0,0,0
NEW-000537,93,15909.75,,Europe,Enterprise,50.34,9,12.0,67.16,4.13,1,3,-11,overdue,1,5,2,1
NEW-000538,32,1516.21,monthly,North America,SMB,54.05,6,10.03,24.59,3.59,4,0,12,due_soon,3,2,1,0
NEW-000539,70,678.16,multi_year,APAC,SMB,73.55,4,8.89,42.99,4.13,2,0,26,due_soon,0,2,1,1
NEW-000540,76,12647.63,annual,North America,Enterprise,50.61,7,7.29,37.92,4.23,2,0,134,not_due,4,1,1,1
NEW-000541,89,4128.78,annual,North America,Mid-Market,42.55236544518297,7,9.16,50.15,4.408612118407396,3,0,143,not_due,1,0,1,2
NEW-000542,69,15925.6,monthly,Europe,Strategic,63.22,9,7.54,44.81,4.08,0,0,19,due_soon,1,5,2,1
NEW-000543,107,16079.84,monthly,APAC,Strategic,55.39484758880165,17,22.78,66.21,3.707190167674968,2,0,-10,overdue,8,4,3,0
NEW-000544,62,1001.09,multi_year,Europe,SMB,57.77,7,13.01,36.43,4.46,0,2,351,not_due,5,1,1,0
NEW-000545,24,15439.24,monthly,Europe,Enterprise,77.03,7,3.85,40.59,4.55,1,1,318,not_due,3,0,2,2
NEW-000546,36,16209.37,monthly,North America,Enterprise,65.33664728782527,7,9.14,35.48,3.6970357547887227,4,2,306,not_due,4,1,0,0
NEW-000547,74,2882.59,annual,Europe,Mid-Market,92.44,0,5.75,17.74,5.0,0,0,48,upcoming,0,0,0,0
NEW-000548,89,2851.41,monthly,Europe,Mid-Market,61.101248936282786,2,6.76,17.13,4.073203690951539,3,0,116,upcoming,1,0,0,0
NEW-000549,39,901.1,multi_year,North America,SMB,76.00457182192544,7,11.59,50.41,4.485863415324792,3,0,96,upcoming,3,1,1,0
NEW-000550,25,3508.92,multi_year,APAC,Mid-Market,46.81,7,6.88,32.32,4.74,0,1,172,not_due,1,2,4,0
NEW-000551,24,8081.14,monthly,North America,Enterprise,51.28,3,5.83,,4.45,3,3,278,not_due,2,1,0,0
NEW-000552,12,3276.53,annual,Europe,Mid-Market,78.25,5,8.24,,4.97,2,0,-24,overdue,1,2,1,1
NEW-000553,29,768.52,multi_year,APAC,SMB,74.56818784180007,6,4.92,18.89,4.799203760200262,2,0,51,upcoming,1,2,0,0
NEW-000554,50,12083.74,multi_year,North America,Enterprise,71.63,7,5.55,17.88,4.63,1,0,184,not_due,4,2,1,0
NEW-000555,37,1025.29,annual,North America,SMB,58.137685134850116,8,8.86,34.67,4.6953557648188795,3,0,219,not_due,2,4,0,0
NEW-000556,36,2391.45,monthly,Latin America,Mid-Market,93.17316040196154,3,2.13,5.53,4.280689782182645,2,0,137,not_due,0,2,0,0
NEW-000557,51,788.07,annual,APAC,SMB,84.57828508626407,6,8.55,26.6,4.729580080936062,3,0,77,upcoming,0,2,0,0
NEW-000558,59,12198.09,annual,Middle East & Africa,Enterprise,56.01,14,22.67,73.37,3.31,3,1,-4,overdue,8,4,1,1
NEW-000559,66,1197.31,multi_year,Europe,SMB,65.14,1,4.22,11.29,5.0,0,0,9,due_soon,1,0,0,0
NEW-000560,107,601.55,monthly,North America,SMB,27.47411392090391,4,10.08,,3.195933706358207,4,3,274,not_due,1,1,1,0
NEW-000561,103,,monthly,North America,Mid-Market,39.71,12,6.28,35.33,4.1,1,0,7,due_soon,6,3,3,0
NEW-000562,24,13997.84,annual,North America,Enterprise,68.97,7,2.93,14.12,4.02,0,1,198,not_due,5,1,1,0
NEW-000563,9,17561.24,monthly,Middle East & Africa,Strategic,64.93,7,21.59,79.86,3.43,4,1,362,not_due,4,2,1,0
NEW-000564,35,4260.81,multi_year,North America,Mid-Market,82.55501484796575,3,6.48,15.53,4.822333667676596,1,1,29,due_soon,0,1,0,0
NEW-000565,18,548.49,monthly,APAC,SMB,44.4,6,8.15,23.81,3.23,3,0,317,not_due,5,0,1,0
NEW-000566,55,673.41,annual,APAC,SMB,70.15,5,10.57,39.82,5.0,2,1,-28,overdue,5,0,0,0
NEW-000567,65,13130.57,annual,APAC,Enterprise,31.52,4,6.17,34.22,4.42,2,1,225,not_due,0,3,0,1
NEW-000568,95,6197.49,annual,Middle East & Africa,Enterprise,40.32,8,12.71,51.03,3.85,4,0,42,due_soon,3,5,0,0
NEW-000569,110,1006.55,monthly,Europe,SMB,26.52,7,17.98,53.07,3.72,1,2,252,not_due,6,1,0,0
NEW-000570,16,35672.99,annual,North America,Strategic,41.09,11,6.27,43.62,4.18,2,0,281,not_due,4,2,4,1
NEW-000571,77,14474.2,annual,North America,Enterprise,64.56255892448175,9,,40.09,3.67932250644595,2,0,55,upcoming,1,1,1,2
NEW-000572,64,4934.21,annual,APAC,Mid-Market,72.72,4,5.57,24.08,,2,1,146,not_due,1,1,2,0
NEW-000573,9,475.04,annual,APAC,SMB,38.582058434086676,8,11.61,27.22,3.752117613116325,3,1,234,not_due,4,3,0,0
NEW-000574,36,1342.74,monthly,Europe,Mid-Market,59.32,4,9.31,46.52,4.4,5,2,326,not_due,1,2,0,1
NEW-000575,52,801.18,monthly,APAC,SMB,60.04,7,15.47,32.45,4.04,1,0,157,not_due,2,5,0,0
NEW-000576,32,4582.1,annual,North America,Mid-Market,67.96,8,8.18,37.6,4.57,2,1,238,not_due,3,3,2,0
NEW-000577,69,981.02,annual,North America,SMB,17.98,9,12.09,42.88,3.45,5,0,-26,overdue,3,5,1,0
NEW-000578,53,1195.39,monthly,North America,SMB,61.39,6,9.42,29.35,4.36,1,0,122,not_due,3,3,0,0
NEW-000579,30,834.01,monthly,North America,SMB,42.19,5,9.2,21.34,4.08,1,1,242,not_due,2,3,0,0
NEW-000580,33,352.72,annual,North America,SMB,63.09,2,2.47,14.3,5.0,0,2,313,not_due,0,1,0,1
NEW-000581,85,2148.68,monthly,North America,Mid-Market,69.29,6,8.67,46.75,4.84,3,1,247,not_due,1,2,3,0
NEW-000582,35,3138.49,annual,North America,Mid-Market,84.72,4,10.73,41.88,4.19,1,1,247,not_due,3,0,0,1
NEW-000583,56,9791.23,monthly,Europe,Enterprise,90.39,9,9.6,42.22,4.12,0,0,162,not_due,3,5,1,0
NEW-000584,42,645.53,monthly,Europe,SMB,55.85851756185417,10,9.08,26.86,3.973884751647839,3,0,201,not_due,5,1,0,0
NEW-000585,54,640.82,monthly,North America,SMB,55.65,7,8.96,34.99,4.13,1,1,162,not_due,4,2,1,0
NEW-000586,24,3523.64,annual,North America,Mid-Market,55.0,5,5.08,21.25,4.44,2,1,269,not_due,3,2,0,0
NEW-000587,26,8685.47,monthly,North America,Strategic,21.391337625210298,10,6.91,46.65,3.444646806865113,1,0,8,due_soon,5,1,0,2
NEW-000588,41,3510.16,annual,APAC,Mid-Market,89.57966119803908,1,5.51,20.52,4.422771979549811,1,0,265,not_due,0,0,0,0
NEW-000589,27,788.46,monthly,North America,SMB,62.06,6,7.92,39.88,4.41,1,0,221,not_due,2,2,1,1
NEW-000590,69,797.74,annual,APAC,SMB,81.16,5,5.06,19.62,4.93,0,1,277,not_due,0,4,1,0
NEW-000591,49,3055.13,monthly,North America,Mid-Market,55.79,6,4.7,,4.23,3,0,336,,5,1,0,0
NEW-000592,23,1754.91,monthly,Latin America,Mid-Market,79.21,2,9.84,27.89,4.86,0,1,41,due_soon,1,1,0,0
NEW-000593,40,931.58,monthly,North America,SMB,61.3410138649747,8,15.88,56.11,2.960564686592346,3,0,130,not_due,3,1,1,1
NEW-000594,29,3530.24,annual,Latin America,Mid-Market,63.63,5,5.45,11.52,4.47,4,0,1,due_soon,1,4,0,0
NEW-000595,63,1401.64,monthly,North America,SMB,74.32196770189537,7,2.06,8.56,4.117841917400177,3,0,7,due_soon,1,1,1,0
NEW-000596,70,13227.93,monthly,Europe,Enterprise,59.08,8,4.6,13.48,5.0,0,2,22,due_soon,5,2,1,0
NEW-000597,64,642.88,annual,Middle East & Africa,SMB,59.672782643510374,4,4.31,10.27,4.593265707659324,0,0,-5,overdue,1,1,0,0
NEW-000598,71,727.27,annual,Latin America,SMB,54.16,8,4.12,21.82,4.43,0,3,-26,overdue,4,2,2,0
NEW-000599,120,2294.12,monthly,North America,Mid-Market,42.11,5,7.79,28.08,4.54,3,0,201,not_due,3,1,0,1
NEW-000600,86,685.33,monthly,APAC,SMB,83.21,3,1.66,13.42,5.0,0,0,14,due_soon,0,1,2,0
NEW-000601,90,4405.48,annual,Europe,Mid-Market,74.22,5,17.86,53.87,5.0,1,1,152,not_due,4,1,0,0
NEW-000602,110,21605.94,annual,North America,Strategic,54.771648145534755,11,5.38,17.87,3.675690738910073,3,0,128,not_due,4,5,1,0
NEW-000603,32,869.37,multi_year,Europe,SMB,71.59962748089045,13,11.82,53.53,4.102644578227256,2,2,201,not_due,5,2,2,0
NEW-000604,34,970.95,annual,,SMB,73.02,5,2.79,11.65,4.96,0,0,323,not_due,2,2,1,0
NEW-000605,41,5408.21,annual,Latin America,Enterprise,82.13,6,6.29,26.19,4.53,1,1,123,not_due,5,1,0,0
NEW-000606,24,1091.0,multi_year,Europe,SMB,100.0,1,2.65,7.07,5.0,1,0,234,not_due,1,0,0,0
NEW-000607,16,8224.68,annual,,Enterprise,58.53,3,11.46,29.78,4.42,3,1,333,not_due,2,1,0,0
NEW-000608,66,1555.72,monthly,Middle East & Africa,Mid-Market,90.13272075380215,5,5.02,17.43,4.824308651429337,2,0,50,upcoming,2,1,0,0
NEW-000609,96,8185.25,monthly,Europe,Enterprise,72.9041365910912,9,5.33,17.01,4.828420764507343,0,0,266,not_due,4,3,0,0
NEW-000610,44,25686.07,annual,North America,Strategic,71.53,7,5.82,31.52,4.91,2,1,357,not_due,2,3,2,0
NEW-000611,47,1993.22,annual,Latin America,Mid-Market,91.09,1,1.35,4.18,4.7,0,0,77,upcoming,1,0,0,0
NEW-000612,26,639.48,annual,North America,SMB,45.768665445802476,5,15.38,45.69,3.673414465518269,3,2,140,not_due,1,1,0,0
NEW-000613,65,799.07,annual,APAC,SMB,89.59,6,11.9,27.85,4.05,1,0,282,not_due,6,0,0,0
NEW-000614,39,24029.33,multi_year,Latin America,Strategic,100.0,9,5.61,29.74,4.56,0,0,235,not_due,3,3,3,0
NEW-000615,73,2593.91,annual,APAC,Mid-Market,69.34289657645441,10,15.39,62.5,4.632899918960937,0,1,162,not_due,4,0,3,0
NEW-000616,17,799.07,monthly,Europe,SMB,33.90585392576652,11,15.77,67.81,4.222349243159733,3,0,90,upcoming,4,0,2,1
NEW-000617,83,2665.03,annual,Europe,Mid-Market,91.89,1,3.48,8.11,5.0,1,0,304,not_due,1,0,0,0
NEW-000618,61,3397.83,multi_year,Latin America,Mid-Market,56.071700959174116,12,9.35,35.09,3.188942913890083,8,0,-13,overdue,7,1,1,0
NEW-000619,74,10521.42,monthly,North America,Enterprise,22.363968470588134,11,10.16,49.34,2.869475027950393,5,2,175,not_due,5,3,1,1
NEW-000620,59,24278.16,multi_year,North America,Enterprise,76.75,10,10.63,46.83,4.52,4,2,230,not_due,5,3,2,0
NEW-000621,120,2766.39,,North America,Mid-Market,39.43,3,8.9,29.96,4.58,0,1,141,not_due,0,3,0,0
NEW-000622,10,17734.23,multi_year,Europe,Strategic,65.33,6,5.81,13.85,4.63,1,0,94,upcoming,5,1,0,0
NEW-000623,76,1377.12,multi_year,Europe,SMB,68.70563938335572,3,2.01,7.93,4.280221061126994,1,0,352,not_due,1,0,0,0
NEW-000624,57,38893.46,multi_year,Europe,Strategic,80.75,9,3.7,15.16,4.79,1,2,181,not_due,4,4,1,0
NEW-000625,47,2295.68,multi_year,APAC,Mid-Market,80.18,3,7.59,22.46,4.93,0,1,358,not_due,2,1,0,0
NEW-000626,49,,annual,North America,Enterprise,89.91400933649452,6,4.29,11.44,4.187490526462556,2,0,194,not_due,3,1,0,0
NEW-000627,82,2885.39,multi_year,Europe,Mid-Market,61.82013591959709,8,11.48,33.7,3.5458143226804695,1,0,294,not_due,1,4,1,0
NEW-000628,39,675.52,annual,APAC,SMB,48.83,9,10.55,42.16,5.0,1,1,187,not_due,2,5,2,0
NEW-000629,45,18759.68,monthly,Europe,Strategic,77.22537386520337,9,12.9,50.56,4.593395514207648,4,1,18,due_soon,5,3,0,0
NEW-000630,77,26233.73,annual,North America,Strategic,86.77,9,5.86,31.31,4.74,1,2,365,not_due,3,3,2,1
NEW-000631,29,1116.53,multi_year,Europe,SMB,69.16,1,3.75,17.64,5.0,1,0,90,upcoming,0,0,1,0
NEW-000632,63,4126.0,annual,Europe,Mid-Market,39.21,7,14.2,64.74,3.74,3,0,277,not_due,4,0,2,1
NEW-000633,51,1010.33,annual,Europe,SMB,62.48668914477378,7,5.95,22.55,4.154867900550512,3,0,161,not_due,1,0,2,0
NEW-000634,30,446.25,annual,Middle East & Africa,SMB,39.219466235881896,13,7.23,48.62,2.622691061049181,4,0,-2,overdue,1,5,3,1
NEW-000635,39,5513.88,annual,Europe,Enterprise,44.395237678111314,10,7.92,32.08,3.2018893002073336,5,0,262,not_due,4,1,0,1
NEW-000636,43,23344.16,annual,Middle East & Africa,Strategic,,4,7.7,34.38,4.28,1,0,166,not_due,2,1,1,0
NEW-000637,20,974.76,annual,North America,SMB,52.79791640081233,7,3.71,13.98,4.562566526089835,3,0,265,not_due,2,1,1,0
NEW-000638,42,16361.31,multi_year,Europe,Strategic,87.51,8,12.77,40.49,4.15,1,0,239,not_due,6,2,0,0
NEW-000639,11,4059.54,monthly,North America,Mid-Market,75.03,6,7.47,26.71,4.65,3,0,141,not_due,4,1,1,0
NEW-000640,62,2813.41,monthly,Middle East & Africa,Enterprise,53.77363436874036,6,5.27,16.0,4.826739363393747,2,1,-2,overdue,2,2,1,0
NEW-000641,62,5979.68,multi_year,North America,Mid-Market,46.84,2,9.66,36.56,5.0,0,0,161,not_due,1,1,0,0
NEW-000642,46,2662.83,annual,Middle East & Africa,Mid-Market,61.341729468923525,3,5.01,19.72,3.986258608451241,2,1,28,due_soon,2,0,0,0
NEW-000643,61,436.03,annual,APAC,SMB,88.8,1,17.69,74.58,4.76,1,0,38,due_soon,0,0,1,0
NEW-000644,28,2837.46,annual,Europe,Mid-Market,53.35085459119484,3,6.06,13.0,4.059527221816226,6,0,157,not_due,0,1,0,0
NEW-000645,46,962.1,multi_year,Middle East & Africa,SMB,66.52138234092496,6,11.04,39.83,4.04259599557264,3,0,204,not_due,1,0,2,0
NEW-000646,33,23226.07,annual,North America,Enterprise,72.3,10,8.36,29.64,4.51,2,0,344,not_due,6,3,0,1
NEW-000647,49,16956.56,annual,Europe,Enterprise,79.48986978034988,11,6.28,30.73,2.8786117410880476,4,0,262,not_due,4,0,2,1
NEW-000648,78,943.23,monthly,North America,SMB,45.32,8,4.86,44.42,4.57,1,1,150,not_due,1,3,2,2
NEW-000649,46,6189.35,monthly,North America,Enterprise,73.09,5,8.03,28.21,3.84,4,0,182,not_due,3,2,0,0
NEW-000650,41,28518.15,multi_year,Europe,Enterprise,74.67,11,8.19,25.38,4.3,2,0,310,not_due,8,2,1,0
NEW-000651,46,6563.07,multi_year,APAC,Mid-Market,60.34,7,21.76,64.06,3.75,2,1,292,not_due,4,3,0,0
NEW-000652,20,1141.33,multi_year,Europe,SMB,98.96,0,2.21,8.16,5.0,0,0,105,upcoming,0,0,0,0
NEW-000653,13,721.24,annual,Europe,SMB,59.8,6,9.25,36.48,4.42,1,0,122,not_due,3,0,2,1
NEW-000654,23,435.23,monthly,Europe,SMB,66.68,4,3.2,17.85,4.39,1,2,345,not_due,1,1,2,0
NEW-000655,46,6784.45,annual,Europe,Enterprise,96.6,5,2.78,11.79,5.0,0,1,233,not_due,1,3,1,0
NEW-000656,63,16547.6,monthly,North America,Enterprise,70.41,4,13.99,58.27,4.28,2,0,359,not_due,4,0,0,0
NEW-000657,44,809.38,monthly,Europe,SMB,49.37,7,5.06,23.42,3.88,1,0,320,not_due,5,1,1,0
NEW-000658,120,901.76,annual,Europe,SMB,63.642284941364146,7,1.12,12.16,4.557338430177081,1,1,146,not_due,2,0,0,1
NEW-000659,22,6321.18,annual,North America,Enterprise,34.41,9,5.5,29.75,4.16,2,2,186,not_due,5,2,1,1
NEW-000660,89,8173.48,annual,Europe,Enterprise,63.5,7,,49.14,3.55,4,1,244,not_due,4,0,1,2
NEW-000661,67,3348.38,annual,North America,Mid-Market,57.73815998935555,4,3.52,13.77,4.8822978682975515,0,2,-23,overdue,0,1,1,0
NEW-000662,21,901.16,monthly,North America,SMB,89.1,3,12.67,40.17,4.53,0,1,85,upcoming,1,2,0,0
NEW-000663,68,2107.87,annual,Europe,Mid-Market,67.37,3,3.64,19.76,4.96,1,1,332,not_due,1,0,2,0
NEW-000664,31,500.09,monthly,APAC,SMB,92.39,3,12.1,63.76,3.88,4,0,18,due_soon,1,0,1,1
NEW-000665,52,8240.35,monthly,North America,Enterprise,21.805088964057678,10,4.54,27.03,4.282030209709239,2,1,215,not_due,3,2,1,1
NEW-000666,63,23600.32,annual,APAC,Strategic,62.58,13,8.11,44.81,4.24,1,1,263,not_due,6,4,1,2
NEW-000667,37,7616.93,multi_year,Europe,Enterprise,66.6,5,4.44,25.82,4.43,2,0,132,not_due,3,0,2,0
NEW-000668,60,892.01,monthly,Europe,SMB,59.4,5,2.36,5.0,4.83,0,0,133,not_due,1,4,0,0
NEW-000669,52,2893.42,monthly,Europe,Mid-Market,59.752933058022535,7,6.56,23.28,4.282024093895487,3,1,135,not_due,2,1,0,0
NEW-000670,41,1160.15,multi_year,Latin America,SMB,93.57,3,6.36,23.25,5.0,0,0,208,not_due,2,1,0,0
NEW-000671,55,5238.99,multi_year,North America,Mid-Market,95.34,3,1.38,3.55,4.69,0,3,134,not_due,1,2,0,0
NEW-000672,100,2053.33,annual,Latin America,Mid-Market,100.0,3,3.53,13.88,4.81,0,1,164,not_due,1,1,1,0
NEW-000673,47,1329.11,annual,Europe,SMB,,8,9.76,35.54,3.41,4,1,204,not_due,2,4,2,0
NEW-000674,17,13501.78,multi_year,Europe,Enterprise,43.688746402466336,7,3.48,12.89,3.907702136604386,2,1,137,not_due,3,2,1,0
NEW-000675,81,906.11,monthly,APAC,SMB,71.06,7,12.36,40.43,4.47,1,1,12,due_soon,1,3,3,0
NEW-000676,45,3568.73,annual,Europe,Mid-Market,100.0,2,6.53,23.78,5.0,0,0,90,upcoming,1,0,1,0
NEW-000677,24,7605.63,multi_year,North America,Mid-Market,100.0,3,18.39,57.55,4.94,0,0,343,not_due,3,0,0,0
NEW-000678,91,447.92,annual,APAC,SMB,83.58592484095625,7,11.0,46.76,4.089344866345476,2,1,-7,overdue,0,2,1,0
NEW-000679,95,1684.91,annual,Latin America,Mid-Market,60.02,4,5.57,30.29,4.24,3,0,297,not_due,1,1,2,0
NEW-000680,72,1696.16,monthly,APAC,Mid-Market,62.6,10,11.35,32.82,3.73,3,0,297,not_due,3,6,0,1
NEW-000681,77,6259.76,multi_year,North America,Mid-Market,73.04,4,7.88,17.48,4.64,1,0,50,upcoming,4,0,0,0
NEW-000682,93,17390.11,annual,APAC,Strategic,86.04,7,4.29,22.15,4.17,0,0,42,due_soon,1,4,2,0
NEW-000683,68,1848.02,monthly,APAC,Mid-Market,38.36730097404435,11,10.99,38.58,3.733102943480178,2,2,204,not_due,4,2,1,0
NEW-000684,81,6127.22,monthly,North America,Enterprise,65.89095561450341,5,20.9,82.52,4.670127970799683,1,1,295,not_due,1,0,1,0
NEW-000685,120,792.88,multi_year,Europe,SMB,82.61,2,9.62,19.91,4.77,3,0,340,not_due,0,2,0,0
NEW-000686,43,23659.28,monthly,Europe,Strategic,53.23052915447951,12,16.68,69.34,3.954161590092664,1,0,304,not_due,6,2,2,1
NEW-000687,98,512.18,annual,Middle East & Africa,SMB,58.2,3,7.85,25.12,4.25,3,0,98,upcoming,1,0,2,0
NEW-000688,112,2579.07,monthly,APAC,Mid-Market,54.18333737375755,5,11.73,44.99,3.633922661062331,3,0,247,not_due,2,0,1,0
NEW-000689,26,42922.64,multi_year,Europe,Strategic,84.65,15,9.66,39.12,4.19,4,2,232,not_due,10,4,1,0
NEW-000690,91,510.81,monthly,Europe,SMB,62.29543511289605,8,5.94,24.57,4.254523026071204,2,1,106,upcoming,2,4,0,0
NEW-000691,74,597.42,monthly,Middle East & Africa,SMB,54.74,5,7.13,24.84,4.85,0,0,243,not_due,3,1,1,0
NEW-000692,52,1699.71,annual,APAC,Mid-Market,43.22,7,6.48,28.36,4.69,1,1,8,due_soon,5,1,1,0
NEW-000693,120,4240.89,multi_year,APAC,Mid-Market,97.27772296383856,5,6.13,18.11,4.597576295107836,1,0,192,not_due,2,0,0,0
NEW-000694,26,1199.79,annual,,Mid-Market,98.78,2,4.29,13.03,5.0,0,0,151,not_due,0,2,0,0
NEW-000695,93,3967.92,annual,North America,Mid-Market,65.86880215900842,4,6.64,14.55,4.401069120842849,3,1,223,not_due,2,1,0,0
NEW-000696,50,960.93,annual,North America,SMB,78.07,5,7.37,20.85,5.0,1,1,65,upcoming,1,4,0,0
NEW-000697,15,1197.16,multi_year,Europe,SMB,55.3,4,5.47,14.21,5.0,2,1,285,not_due,2,2,0,0
NEW-000698,34,4487.46,monthly,North America,Mid-Market,91.48,1,7.02,25.86,4.75,1,1,364,not_due,0,0,1,0
NEW-000699,22,682.9,annual,Europe,SMB,86.91,6,12.53,56.73,4.81,1,2,298,not_due,1,3,2,0
NEW-000700,48,2260.13,annual,North America,SMB,68.52,6,7.1,39.47,3.77,3,2,-9,overdue,2,1,2,1
NEW-000701,82,13923.92,annual,North America,Enterprise,39.48,12,14.58,69.5,3.58,4,1,32,due_soon,5,3,2,2
NEW-000702,17,5237.11,annual,Europe,Mid-Market,68.65,5,8.54,34.28,4.02,3,1,147,not_due,2,2,0,1
NEW-000703,41,1069.35,monthly,APAC,SMB,49.44189013429006,6,7.05,30.53,4.153920610465757,6,1,145,not_due,3,1,1,0
NEW-000704,48,10249.68,annual,APAC,Enterprise,30.41,11,6.99,33.87,3.36,4,0,4,due_soon,4,3,4,0
NEW-000705,56,897.95,monthly,North America,SMB,48.58,10,16.9,88.85,3.58,3,3,169,not_due,4,2,3,1
NEW-000706,91,21008.63,monthly,APAC,Strategic,77.74,6,8.3,37.37,3.6,4,0,176,not_due,1,3,1,1
NEW-000707,47,851.9,monthly,Europe,SMB,44.09,7,10.73,39.82,3.56,1,1,153,not_due,4,1,1,1
NEW-000708,39,757.71,annual,North America,SMB,71.07,2,4.68,18.72,4.63,1,0,128,not_due,1,1,0,0
NEW-000709,45,27409.79,annual,APAC,Strategic,93.51,9,2.05,9.58,4.79,0,1,304,not_due,5,3,1,0
NEW-000710,27,811.06,multi_year,North America,SMB,59.4,7,8.8,35.42,3.9,3,1,131,not_due,3,2,2,0
NEW-000711,14,23852.34,monthly,North America,Strategic,72.7,8,18.84,57.81,3.82,4,1,6,due_soon,5,1,1,1
NEW-000712,39,1836.43,annual,North America,Mid-Market,67.21,6,4.05,14.66,4.48,0,0,218,not_due,2,4,0,0
NEW-000713,35,9611.96,monthly,North America,Enterprise,79.12,10,5.37,19.49,4.4,0,1,206,not_due,5,4,1,0
NEW-000714,17,1119.64,monthly,APAC,SMB,82.49,4,6.63,21.17,5.0,2,2,252,not_due,2,1,1,0
NEW-000715,59,1998.0,monthly,North America,Mid-Market,46.58,5,11.28,27.5,4.15,4,0,-10,overdue,3,2,0,0
NEW-000716,24,265.05,annual,Europe,SMB,24.8,7,5.04,27.25,4.02,4,1,288,not_due,3,3,0,1
NEW-000717,88,13128.51,annual,North America,Enterprise,77.38,6,5.33,18.24,4.44,2,0,255,not_due,3,3,0,0
NEW-000718,45,3590.2,annual,Latin America,Mid-Market,52.17513748059252,4,6.58,20.82,4.315371893490065,2,0,241,not_due,0,2,0,0
NEW-000719,44,13249.89,multi_year,APAC,Enterprise,34.33,8,9.83,55.33,3.72,4,1,200,not_due,1,1,4,2
NEW-000720,24,715.79,monthly,APAC,SMB,62.25,6,9.78,47.76,4.11,3,2,206,not_due,2,1,2,1
NEW-000721,72,2164.96,annual,Latin America,Mid-Market,55.603006185224984,4,8.96,24.55,4.672002538504192,1,2,228,not_due,3,0,0,0
NEW-000722,77,1048.52,annual,Europe,SMB,76.60695767628741,5,7.51,29.47,3.966928696352084,3,0,352,not_due,0,1,2,0
NEW-000723,36,17952.77,monthly,Middle East & Africa,Strategic,85.74,3,17.17,49.79,5.0,0,0,229,not_due,2,1,0,0
NEW-000724,14,7879.43,annual,Latin America,Enterprise,52.8,9,17.19,51.79,3.28,2,1,15,due_soon,3,3,2,1
NEW-000725,21,2029.7,monthly,Middle East & Africa,Mid-Market,55.959319153720756,6,6.97,23.67,4.256009734012392,2,1,159,not_due,0,2,1,0
NEW-000726,120,3027.48,multi_year,Latin America,Mid-Market,86.15,2,6.9,,4.9,1,0,296,not_due,1,0,1,0
NEW-000727,39,4299.78,monthly,North America,Enterprise,51.46,7,10.92,27.22,4.64,0,0,191,not_due,4,3,0,0
NEW-000728,10,10372.07,annual,North America,Enterprise,75.13,10,9.16,39.57,4.73,0,1,232,not_due,5,4,1,0
NEW-000729,40,36014.76,multi_year,North America,Strategic,80.17,11,3.51,8.99,4.46,0,0,104,upcoming,8,3,0,0
NEW-000730,93,16761.37,multi_year,Latin America,Strategic,98.98,6,9.71,31.15,4.95,2,0,260,not_due,2,4,0,0
NEW-000731,49,3252.52,monthly,North America,Mid-Market,71.28714274934565,10,15.13,50.9,3.9939798704180802,3,0,92,upcoming,3,3,0,0
NEW-000732,51,4268.87,annual,APAC,Mid-Market,56.033376096885306,8,7.82,32.56,4.083949077704203,4,0,111,upcoming,2,2,0,0
NEW-000733,29,,annual,Middle East & Africa,SMB,89.62,5,5.02,21.35,4.96,0,0,81,upcoming,1,3,0,1
NEW-000734,39,6305.37,annual,APAC,Enterprise,79.93,6,2.48,14.26,4.83,0,0,1,due_soon,3,2,1,0
NEW-000735,40,767.5,annual,Europe,SMB,68.62,4,13.77,49.14,4.82,1,3,65,upcoming,2,1,1,0
NEW-000736,37,35978.21,multi_year,APAC,Strategic,91.65,11,,67.07,4.55,1,0,98,upcoming,6,1,4,0
NEW-000737,58,3029.77,annual,Europe,Mid-Market,44.52,4,,32.71,4.31,1,0,100,upcoming,2,1,1,0
NEW-000738,83,741.34,annual,North America,SMB,31.027854812070252,7,8.34,44.24,3.361292367287168,3,0,96,upcoming,2,1,1,1
NEW-000739,24,888.89,annual,Europe,SMB,18.13,9,11.98,56.66,2.98,5,2,356,not_due,3,3,0,3
NEW-000740,17,2528.46,monthly,Europe,Mid-Market,38.05,10,10.76,40.85,4.18,2,1,74,upcoming,7,2,0,1
NEW-000741,88,22741.97,annual,Europe,Strategic,64.91130209488604,9,9.94,37.87,4.301092041941603,3,1,327,not_due,3,4,0,0
NEW-000742,14,1288.51,annual,Europe,SMB,50.74621946803099,8,8.18,21.94,3.96867434366521,4,1,348,not_due,4,3,0,0
NEW-000743,23,681.03,annual,Middle East & Africa,SMB,60.8,4,7.17,16.11,4.3,1,2,282,not_due,4,0,0,0
NEW-000744,27,934.21,monthly,APAC,SMB,49.23679449239241,10,6.05,23.97,3.450286628563683,4,1,359,not_due,5,1,1,0
NEW-000745,78,1362.19,annual,Europe,SMB,53.12,7,14.55,53.06,4.63,0,1,224,not_due,2,3,1,1
NEW-000746,75,2875.16,annual,Europe,Mid-Market,91.71859401890548,6,5.25,17.47,4.45464151695758,0,0,207,not_due,3,1,0,0
NEW-000747,99,610.91,monthly,Europe,SMB,66.95,6,4.57,16.67,4.11,2,0,-10,overdue,2,4,0,0
NEW-000748,7,3055.44,monthly,Europe,Mid-Market,42.13,9,5.98,35.65,4.13,2,2,289,not_due,4,2,3,0
NEW-000749,31,15051.7,multi_year,Europe,Enterprise,80.81,10,6.98,27.89,4.17,1,0,234,not_due,4,4,1,1
NEW-000750,26,,multi_year,North America,Mid-Market,49.0,11,9.41,40.83,4.07,3,1,43,due_soon,5,2,4,0
